ISO-10303-21;
HEADER;
/* Generated by software containing ST-Developer
 * from STEP Tools, Inc. (www.steptools.com) 
 */

FILE_DESCRIPTION(
/* description */ ('KiCad electronic assembly'),
/* implementation_level */ '2;1');

FILE_NAME(
/* name */ 'CraftPad.step',
/* time_stamp */ '2026-07-23T13:59:22-04:00',
/* author */ (''),
/* organization */ (''),
/* preprocessor_version */ 'ST-DEVELOPER v20.1',
/* originating_system */ 'Autodesk Translation Framework v15.8.0.0',
/* authorisation */ '');

FILE_SCHEMA (('AUTOMOTIVE_DESIGN { 1 0 10303 214 3 1 1 }'));
ENDSEC;

DATA;
#10=MECHANICAL_DESIGN_GEOMETRIC_PRESENTATION_REPRESENTATION('',(#23,#24,
#25),#3050);
#11=ITEM_DEFINED_TRANSFORMATION($,$,#1833,#1927);
#12=ITEM_DEFINED_TRANSFORMATION($,$,#1832,#2020);
#13=(
REPRESENTATION_RELATIONSHIP($,$,#3065,#3064)
REPRESENTATION_RELATIONSHIP_WITH_TRANSFORMATION(#11)
SHAPE_REPRESENTATION_RELATIONSHIP()
);
#14=(
REPRESENTATION_RELATIONSHIP($,$,#3064,#3063)
REPRESENTATION_RELATIONSHIP_WITH_TRANSFORMATION(#12)
SHAPE_REPRESENTATION_RELATIONSHIP()
);
#15=CONTEXT_DEPENDENT_SHAPE_REPRESENTATION(#13,#3061);
#16=CONTEXT_DEPENDENT_SHAPE_REPRESENTATION(#14,#3062);
#17=NEXT_ASSEMBLY_USAGE_OCCURRENCE('Hackpad_PCB:1','Hackpad_PCB:1',
'Hackpad_PCB:1',#3068,#3069,'Hackpad_PCB:1');
#18=NEXT_ASSEMBLY_USAGE_OCCURRENCE('Macropadfinalfr:1',
'Macropadfinalfr:1','Macropadfinalfr:1',#3067,#3068,'Macropadfinalfr:1');
#19=SHAPE_REPRESENTATION_RELATIONSHIP('SRR','None',#3065,#21);
#20=SHAPE_REPRESENTATION_RELATIONSHIP('SRR','None',#3063,#22);
#21=ADVANCED_BREP_SHAPE_REPRESENTATION('',(#26),#3049);
#22=ADVANCED_BREP_SHAPE_REPRESENTATION('',(#27,#28),#3047);
#23=STYLED_ITEM('',(#3085),#26);
#24=STYLED_ITEM('',(#3083),#27);
#25=STYLED_ITEM('',(#3084),#28);
#26=MANIFOLD_SOLID_BREP('Body1',#1816);
#27=MANIFOLD_SOLID_BREP('Body3',#1817);
#28=MANIFOLD_SOLID_BREP('Body4',#1818);
#29=CYLINDRICAL_SURFACE('',#1898,0.85);
#30=CYLINDRICAL_SURFACE('',#1899,0.75);
#31=CYLINDRICAL_SURFACE('',#1900,0.85);
#32=CYLINDRICAL_SURFACE('',#1901,0.75);
#33=CYLINDRICAL_SURFACE('',#1902,2.);
#34=CYLINDRICAL_SURFACE('',#1903,0.75);
#35=CYLINDRICAL_SURFACE('',#1904,0.85);
#36=CYLINDRICAL_SURFACE('',#1905,2.);
#37=CYLINDRICAL_SURFACE('',#1906,0.85);
#38=CYLINDRICAL_SURFACE('',#1907,0.5);
#39=CYLINDRICAL_SURFACE('',#1908,0.5);
#40=CYLINDRICAL_SURFACE('',#1909,0.5);
#41=CYLINDRICAL_SURFACE('',#1910,0.5);
#42=CYLINDRICAL_SURFACE('',#1911,0.85);
#43=CYLINDRICAL_SURFACE('',#1912,0.5);
#44=CYLINDRICAL_SURFACE('',#1913,0.5);
#45=CYLINDRICAL_SURFACE('',#1914,0.5);
#46=CYLINDRICAL_SURFACE('',#1915,0.75);
#47=CYLINDRICAL_SURFACE('',#1916,0.75);
#48=CYLINDRICAL_SURFACE('',#1917,0.5);
#49=CYLINDRICAL_SURFACE('',#1918,0.5);
#50=CYLINDRICAL_SURFACE('',#1919,2.);
#51=CYLINDRICAL_SURFACE('',#1920,0.75);
#52=CYLINDRICAL_SURFACE('',#1921,0.85);
#53=CYLINDRICAL_SURFACE('',#1922,0.5);
#54=CYLINDRICAL_SURFACE('',#1923,0.5);
#55=CYLINDRICAL_SURFACE('',#1924,0.5);
#56=CYLINDRICAL_SURFACE('',#1925,0.5);
#57=CYLINDRICAL_SURFACE('',#1926,0.5);
#58=CYLINDRICAL_SURFACE('',#1940,1.5);
#59=CYLINDRICAL_SURFACE('',#1942,1.5);
#60=CYLINDRICAL_SURFACE('',#1944,1.5);
#61=CYLINDRICAL_SURFACE('',#1946,1.5);
#62=CYLINDRICAL_SURFACE('',#1954,1.5);
#63=CYLINDRICAL_SURFACE('',#1957,1.5);
#64=CYLINDRICAL_SURFACE('',#1960,1.5);
#65=CYLINDRICAL_SURFACE('',#1963,1.5);
#66=CYLINDRICAL_SURFACE('',#1971,0.500000000000007);
#67=CYLINDRICAL_SURFACE('',#1975,0.499999999999998);
#68=CYLINDRICAL_SURFACE('',#1979,0.499999999999994);
#69=CYLINDRICAL_SURFACE('',#1983,0.499999999999998);
#70=CYLINDRICAL_SURFACE('',#1987,0.499999999999996);
#71=CYLINDRICAL_SURFACE('',#1991,0.499999999999998);
#72=CYLINDRICAL_SURFACE('',#1995,0.499999999999996);
#73=CYLINDRICAL_SURFACE('',#1999,0.499999999999998);
#74=CYLINDRICAL_SURFACE('',#2003,0.499999999999994);
#75=CYLINDRICAL_SURFACE('',#2007,0.499999999999998);
#76=CYLINDRICAL_SURFACE('',#2011,0.499999999999994);
#77=CYLINDRICAL_SURFACE('',#2015,0.499999999999998);
#78=FACE_BOUND('',#347,.T.);
#79=FACE_BOUND('',#348,.T.);
#80=FACE_BOUND('',#349,.T.);
#81=FACE_BOUND('',#350,.T.);
#82=FACE_BOUND('',#351,.T.);
#83=FACE_BOUND('',#352,.T.);
#84=FACE_BOUND('',#353,.T.);
#85=FACE_BOUND('',#354,.T.);
#86=FACE_BOUND('',#355,.T.);
#87=FACE_BOUND('',#356,.T.);
#88=FACE_BOUND('',#357,.T.);
#89=FACE_BOUND('',#358,.T.);
#90=FACE_BOUND('',#359,.T.);
#91=FACE_BOUND('',#360,.T.);
#92=FACE_BOUND('',#361,.T.);
#93=FACE_BOUND('',#362,.T.);
#94=FACE_BOUND('',#363,.T.);
#95=FACE_BOUND('',#364,.T.);
#96=FACE_BOUND('',#365,.T.);
#97=FACE_BOUND('',#366,.T.);
#98=FACE_BOUND('',#367,.T.);
#99=FACE_BOUND('',#368,.T.);
#100=FACE_BOUND('',#369,.T.);
#101=FACE_BOUND('',#370,.T.);
#102=FACE_BOUND('',#371,.T.);
#103=FACE_BOUND('',#372,.T.);
#104=FACE_BOUND('',#373,.T.);
#105=FACE_BOUND('',#374,.T.);
#106=FACE_BOUND('',#375,.T.);
#107=FACE_BOUND('',#377,.T.);
#108=FACE_BOUND('',#378,.T.);
#109=FACE_BOUND('',#379,.T.);
#110=FACE_BOUND('',#380,.T.);
#111=FACE_BOUND('',#381,.T.);
#112=FACE_BOUND('',#382,.T.);
#113=FACE_BOUND('',#383,.T.);
#114=FACE_BOUND('',#384,.T.);
#115=FACE_BOUND('',#385,.T.);
#116=FACE_BOUND('',#386,.T.);
#117=FACE_BOUND('',#387,.T.);
#118=FACE_BOUND('',#388,.T.);
#119=FACE_BOUND('',#389,.T.);
#120=FACE_BOUND('',#390,.T.);
#121=FACE_BOUND('',#391,.T.);
#122=FACE_BOUND('',#392,.T.);
#123=FACE_BOUND('',#393,.T.);
#124=FACE_BOUND('',#394,.T.);
#125=FACE_BOUND('',#395,.T.);
#126=FACE_BOUND('',#396,.T.);
#127=FACE_BOUND('',#397,.T.);
#128=FACE_BOUND('',#398,.T.);
#129=FACE_BOUND('',#399,.T.);
#130=FACE_BOUND('',#400,.T.);
#131=FACE_BOUND('',#401,.T.);
#132=FACE_BOUND('',#402,.T.);
#133=FACE_BOUND('',#403,.T.);
#134=FACE_BOUND('',#404,.T.);
#135=FACE_BOUND('',#405,.T.);
#136=FACE_BOUND('',#440,.T.);
#137=FACE_BOUND('',#441,.T.);
#138=FACE_BOUND('',#442,.T.);
#139=FACE_BOUND('',#443,.T.);
#140=FACE_BOUND('',#458,.T.);
#141=FACE_BOUND('',#459,.T.);
#142=FACE_BOUND('',#460,.T.);
#143=FACE_BOUND('',#461,.T.);
#144=FACE_BOUND('',#495,.T.);
#145=FACE_BOUND('',#496,.T.);
#146=FACE_BOUND('',#497,.T.);
#147=FACE_BOUND('',#498,.T.);
#148=FACE_BOUND('',#499,.T.);
#149=FACE_BOUND('',#500,.T.);
#150=FACE_BOUND('',#501,.T.);
#151=FACE_BOUND('',#503,.T.);
#152=FACE_BOUND('',#504,.T.);
#153=FACE_BOUND('',#505,.T.);
#154=FACE_BOUND('',#506,.T.);
#155=FACE_BOUND('',#507,.T.);
#156=FACE_BOUND('',#508,.T.);
#157=FACE_BOUND('',#509,.T.);
#158=CIRCLE('',#1838,0.85);
#159=CIRCLE('',#1839,0.75);
#160=CIRCLE('',#1840,0.85);
#161=CIRCLE('',#1841,0.75);
#162=CIRCLE('',#1842,2.);
#163=CIRCLE('',#1843,0.75);
#164=CIRCLE('',#1844,0.85);
#165=CIRCLE('',#1845,2.);
#166=CIRCLE('',#1846,0.85);
#167=CIRCLE('',#1847,0.5);
#168=CIRCLE('',#1848,0.5);
#169=CIRCLE('',#1849,0.5);
#170=CIRCLE('',#1850,0.5);
#171=CIRCLE('',#1851,0.85);
#172=CIRCLE('',#1852,0.5);
#173=CIRCLE('',#1853,0.5);
#174=CIRCLE('',#1854,0.5);
#175=CIRCLE('',#1855,0.75);
#176=CIRCLE('',#1856,0.75);
#177=CIRCLE('',#1857,0.5);
#178=CIRCLE('',#1858,0.5);
#179=CIRCLE('',#1859,2.);
#180=CIRCLE('',#1860,0.75);
#181=CIRCLE('',#1861,0.85);
#182=CIRCLE('',#1862,0.5);
#183=CIRCLE('',#1863,0.5);
#184=CIRCLE('',#1864,0.5);
#185=CIRCLE('',#1865,0.5);
#186=CIRCLE('',#1866,0.5);
#187=CIRCLE('',#1868,0.85);
#188=CIRCLE('',#1869,0.75);
#189=CIRCLE('',#1870,0.85);
#190=CIRCLE('',#1871,0.75);
#191=CIRCLE('',#1872,2.);
#192=CIRCLE('',#1873,0.75);
#193=CIRCLE('',#1874,0.85);
#194=CIRCLE('',#1875,2.);
#195=CIRCLE('',#1876,0.85);
#196=CIRCLE('',#1877,0.5);
#197=CIRCLE('',#1878,0.5);
#198=CIRCLE('',#1879,0.5);
#199=CIRCLE('',#1880,0.5);
#200=CIRCLE('',#1881,0.85);
#201=CIRCLE('',#1882,0.5);
#202=CIRCLE('',#1883,0.5);
#203=CIRCLE('',#1884,0.5);
#204=CIRCLE('',#1885,0.75);
#205=CIRCLE('',#1886,0.75);
#206=CIRCLE('',#1887,0.5);
#207=CIRCLE('',#1888,0.5);
#208=CIRCLE('',#1889,2.);
#209=CIRCLE('',#1890,0.75);
#210=CIRCLE('',#1891,0.85);
#211=CIRCLE('',#1892,0.5);
#212=CIRCLE('',#1893,0.5);
#213=CIRCLE('',#1894,0.5);
#214=CIRCLE('',#1895,0.5);
#215=CIRCLE('',#1896,0.5);
#216=CIRCLE('',#1932,1.5);
#217=CIRCLE('',#1933,1.5);
#218=CIRCLE('',#1934,1.5);
#219=CIRCLE('',#1935,1.5);
#220=CIRCLE('',#1941,1.5);
#221=CIRCLE('',#1943,1.5);
#222=CIRCLE('',#1945,1.5);
#223=CIRCLE('',#1947,1.5);
#224=CIRCLE('',#1955,1.5);
#225=CIRCLE('',#1956,1.5);
#226=CIRCLE('',#1958,1.5);
#227=CIRCLE('',#1959,1.5);
#228=CIRCLE('',#1961,1.5);
#229=CIRCLE('',#1962,1.5);
#230=CIRCLE('',#1964,1.5);
#231=CIRCLE('',#1965,1.5);
#232=CIRCLE('',#1972,0.500000000000007);
#233=CIRCLE('',#1973,0.500000000000007);
#234=CIRCLE('',#1976,0.499999999999998);
#235=CIRCLE('',#1977,0.499999999999998);
#236=CIRCLE('',#1980,0.499999999999994);
#237=CIRCLE('',#1981,0.499999999999994);
#238=CIRCLE('',#1984,0.499999999999998);
#239=CIRCLE('',#1985,0.499999999999998);
#240=CIRCLE('',#1988,0.499999999999996);
#241=CIRCLE('',#1989,0.499999999999996);
#242=CIRCLE('',#1992,0.499999999999998);
#243=CIRCLE('',#1993,0.499999999999998);
#244=CIRCLE('',#1996,0.499999999999996);
#245=CIRCLE('',#1997,0.499999999999996);
#246=CIRCLE('',#2000,0.499999999999998);
#247=CIRCLE('',#2001,0.499999999999998);
#248=CIRCLE('',#2004,0.499999999999994);
#249=CIRCLE('',#2005,0.499999999999994);
#250=CIRCLE('',#2008,0.499999999999998);
#251=CIRCLE('',#2009,0.499999999999998);
#252=CIRCLE('',#2012,0.499999999999994);
#253=CIRCLE('',#2013,0.499999999999994);
#254=CIRCLE('',#2016,0.499999999999998);
#255=CIRCLE('',#2017,0.499999999999998);
#256=FACE_OUTER_BOUND('',#343,.T.);
#257=FACE_OUTER_BOUND('',#344,.T.);
#258=FACE_OUTER_BOUND('',#345,.T.);
#259=FACE_OUTER_BOUND('',#346,.T.);
#260=FACE_OUTER_BOUND('',#376,.T.);
#261=FACE_OUTER_BOUND('',#406,.T.);
#262=FACE_OUTER_BOUND('',#407,.T.);
#263=FACE_OUTER_BOUND('',#408,.T.);
#264=FACE_OUTER_BOUND('',#409,.T.);
#265=FACE_OUTER_BOUND('',#410,.T.);
#266=FACE_OUTER_BOUND('',#411,.T.);
#267=FACE_OUTER_BOUND('',#412,.T.);
#268=FACE_OUTER_BOUND('',#413,.T.);
#269=FACE_OUTER_BOUND('',#414,.T.);
#270=FACE_OUTER_BOUND('',#415,.T.);
#271=FACE_OUTER_BOUND('',#416,.T.);
#272=FACE_OUTER_BOUND('',#417,.T.);
#273=FACE_OUTER_BOUND('',#418,.T.);
#274=FACE_OUTER_BOUND('',#419,.T.);
#275=FACE_OUTER_BOUND('',#420,.T.);
#276=FACE_OUTER_BOUND('',#421,.T.);
#277=FACE_OUTER_BOUND('',#422,.T.);
#278=FACE_OUTER_BOUND('',#423,.T.);
#279=FACE_OUTER_BOUND('',#424,.T.);
#280=FACE_OUTER_BOUND('',#425,.T.);
#281=FACE_OUTER_BOUND('',#426,.T.);
#282=FACE_OUTER_BOUND('',#427,.T.);
#283=FACE_OUTER_BOUND('',#428,.T.);
#284=FACE_OUTER_BOUND('',#429,.T.);
#285=FACE_OUTER_BOUND('',#430,.T.);
#286=FACE_OUTER_BOUND('',#431,.T.);
#287=FACE_OUTER_BOUND('',#432,.T.);
#288=FACE_OUTER_BOUND('',#433,.T.);
#289=FACE_OUTER_BOUND('',#434,.T.);
#290=FACE_OUTER_BOUND('',#435,.T.);
#291=FACE_OUTER_BOUND('',#436,.T.);
#292=FACE_OUTER_BOUND('',#437,.T.);
#293=FACE_OUTER_BOUND('',#438,.T.);
#294=FACE_OUTER_BOUND('',#439,.T.);
#295=FACE_OUTER_BOUND('',#444,.T.);
#296=FACE_OUTER_BOUND('',#445,.T.);
#297=FACE_OUTER_BOUND('',#446,.T.);
#298=FACE_OUTER_BOUND('',#447,.T.);
#299=FACE_OUTER_BOUND('',#448,.T.);
#300=FACE_OUTER_BOUND('',#449,.T.);
#301=FACE_OUTER_BOUND('',#450,.T.);
#302=FACE_OUTER_BOUND('',#451,.T.);
#303=FACE_OUTER_BOUND('',#452,.T.);
#304=FACE_OUTER_BOUND('',#453,.T.);
#305=FACE_OUTER_BOUND('',#454,.T.);
#306=FACE_OUTER_BOUND('',#455,.T.);
#307=FACE_OUTER_BOUND('',#456,.T.);
#308=FACE_OUTER_BOUND('',#457,.T.);
#309=FACE_OUTER_BOUND('',#462,.T.);
#310=FACE_OUTER_BOUND('',#463,.T.);
#311=FACE_OUTER_BOUND('',#464,.T.);
#312=FACE_OUTER_BOUND('',#465,.T.);
#313=FACE_OUTER_BOUND('',#466,.T.);
#314=FACE_OUTER_BOUND('',#467,.T.);
#315=FACE_OUTER_BOUND('',#468,.T.);
#316=FACE_OUTER_BOUND('',#469,.T.);
#317=FACE_OUTER_BOUND('',#470,.T.);
#318=FACE_OUTER_BOUND('',#471,.T.);
#319=FACE_OUTER_BOUND('',#472,.T.);
#320=FACE_OUTER_BOUND('',#473,.T.);
#321=FACE_OUTER_BOUND('',#474,.T.);
#322=FACE_OUTER_BOUND('',#475,.T.);
#323=FACE_OUTER_BOUND('',#476,.T.);
#324=FACE_OUTER_BOUND('',#477,.T.);
#325=FACE_OUTER_BOUND('',#478,.T.);
#326=FACE_OUTER_BOUND('',#479,.T.);
#327=FACE_OUTER_BOUND('',#480,.T.);
#328=FACE_OUTER_BOUND('',#481,.T.);
#329=FACE_OUTER_BOUND('',#482,.T.);
#330=FACE_OUTER_BOUND('',#483,.T.);
#331=FACE_OUTER_BOUND('',#484,.T.);
#332=FACE_OUTER_BOUND('',#485,.T.);
#333=FACE_OUTER_BOUND('',#486,.T.);
#334=FACE_OUTER_BOUND('',#487,.T.);
#335=FACE_OUTER_BOUND('',#488,.T.);
#336=FACE_OUTER_BOUND('',#489,.T.);
#337=FACE_OUTER_BOUND('',#490,.T.);
#338=FACE_OUTER_BOUND('',#491,.T.);
#339=FACE_OUTER_BOUND('',#492,.T.);
#340=FACE_OUTER_BOUND('',#493,.T.);
#341=FACE_OUTER_BOUND('',#494,.T.);
#342=FACE_OUTER_BOUND('',#502,.T.);
#343=EDGE_LOOP('',(#1205,#1206,#1207,#1208));
#344=EDGE_LOOP('',(#1209,#1210,#1211,#1212));
#345=EDGE_LOOP('',(#1213,#1214,#1215,#1216));
#346=EDGE_LOOP('',(#1217,#1218,#1219,#1220));
#347=EDGE_LOOP('',(#1221));
#348=EDGE_LOOP('',(#1222));
#349=EDGE_LOOP('',(#1223));
#350=EDGE_LOOP('',(#1224));
#351=EDGE_LOOP('',(#1225));
#352=EDGE_LOOP('',(#1226));
#353=EDGE_LOOP('',(#1227));
#354=EDGE_LOOP('',(#1228));
#355=EDGE_LOOP('',(#1229));
#356=EDGE_LOOP('',(#1230));
#357=EDGE_LOOP('',(#1231));
#358=EDGE_LOOP('',(#1232));
#359=EDGE_LOOP('',(#1233));
#360=EDGE_LOOP('',(#1234));
#361=EDGE_LOOP('',(#1235));
#362=EDGE_LOOP('',(#1236));
#363=EDGE_LOOP('',(#1237));
#364=EDGE_LOOP('',(#1238));
#365=EDGE_LOOP('',(#1239));
#366=EDGE_LOOP('',(#1240));
#367=EDGE_LOOP('',(#1241));
#368=EDGE_LOOP('',(#1242));
#369=EDGE_LOOP('',(#1243));
#370=EDGE_LOOP('',(#1244));
#371=EDGE_LOOP('',(#1245));
#372=EDGE_LOOP('',(#1246));
#373=EDGE_LOOP('',(#1247));
#374=EDGE_LOOP('',(#1248));
#375=EDGE_LOOP('',(#1249));
#376=EDGE_LOOP('',(#1250,#1251,#1252,#1253));
#377=EDGE_LOOP('',(#1254));
#378=EDGE_LOOP('',(#1255));
#379=EDGE_LOOP('',(#1256));
#380=EDGE_LOOP('',(#1257));
#381=EDGE_LOOP('',(#1258));
#382=EDGE_LOOP('',(#1259));
#383=EDGE_LOOP('',(#1260));
#384=EDGE_LOOP('',(#1261));
#385=EDGE_LOOP('',(#1262));
#386=EDGE_LOOP('',(#1263));
#387=EDGE_LOOP('',(#1264));
#388=EDGE_LOOP('',(#1265));
#389=EDGE_LOOP('',(#1266));
#390=EDGE_LOOP('',(#1267));
#391=EDGE_LOOP('',(#1268));
#392=EDGE_LOOP('',(#1269));
#393=EDGE_LOOP('',(#1270));
#394=EDGE_LOOP('',(#1271));
#395=EDGE_LOOP('',(#1272));
#396=EDGE_LOOP('',(#1273));
#397=EDGE_LOOP('',(#1274));
#398=EDGE_LOOP('',(#1275));
#399=EDGE_LOOP('',(#1276));
#400=EDGE_LOOP('',(#1277));
#401=EDGE_LOOP('',(#1278));
#402=EDGE_LOOP('',(#1279));
#403=EDGE_LOOP('',(#1280));
#404=EDGE_LOOP('',(#1281));
#405=EDGE_LOOP('',(#1282));
#406=EDGE_LOOP('',(#1283,#1284,#1285,#1286));
#407=EDGE_LOOP('',(#1287,#1288,#1289,#1290));
#408=EDGE_LOOP('',(#1291,#1292,#1293,#1294));
#409=EDGE_LOOP('',(#1295,#1296,#1297,#1298));
#410=EDGE_LOOP('',(#1299,#1300,#1301,#1302));
#411=EDGE_LOOP('',(#1303,#1304,#1305,#1306));
#412=EDGE_LOOP('',(#1307,#1308,#1309,#1310));
#413=EDGE_LOOP('',(#1311,#1312,#1313,#1314));
#414=EDGE_LOOP('',(#1315,#1316,#1317,#1318));
#415=EDGE_LOOP('',(#1319,#1320,#1321,#1322));
#416=EDGE_LOOP('',(#1323,#1324,#1325,#1326));
#417=EDGE_LOOP('',(#1327,#1328,#1329,#1330));
#418=EDGE_LOOP('',(#1331,#1332,#1333,#1334));
#419=EDGE_LOOP('',(#1335,#1336,#1337,#1338));
#420=EDGE_LOOP('',(#1339,#1340,#1341,#1342));
#421=EDGE_LOOP('',(#1343,#1344,#1345,#1346));
#422=EDGE_LOOP('',(#1347,#1348,#1349,#1350));
#423=EDGE_LOOP('',(#1351,#1352,#1353,#1354));
#424=EDGE_LOOP('',(#1355,#1356,#1357,#1358));
#425=EDGE_LOOP('',(#1359,#1360,#1361,#1362));
#426=EDGE_LOOP('',(#1363,#1364,#1365,#1366));
#427=EDGE_LOOP('',(#1367,#1368,#1369,#1370));
#428=EDGE_LOOP('',(#1371,#1372,#1373,#1374));
#429=EDGE_LOOP('',(#1375,#1376,#1377,#1378));
#430=EDGE_LOOP('',(#1379,#1380,#1381,#1382));
#431=EDGE_LOOP('',(#1383,#1384,#1385,#1386));
#432=EDGE_LOOP('',(#1387,#1388,#1389,#1390));
#433=EDGE_LOOP('',(#1391,#1392,#1393,#1394));
#434=EDGE_LOOP('',(#1395,#1396,#1397,#1398));
#435=EDGE_LOOP('',(#1399,#1400,#1401,#1402));
#436=EDGE_LOOP('',(#1403,#1404,#1405,#1406));
#437=EDGE_LOOP('',(#1407,#1408,#1409,#1410));
#438=EDGE_LOOP('',(#1411,#1412,#1413,#1414));
#439=EDGE_LOOP('',(#1415,#1416,#1417,#1418,#1419,#1420,#1421,#1422,#1423,
#1424,#1425,#1426));
#440=EDGE_LOOP('',(#1427));
#441=EDGE_LOOP('',(#1428));
#442=EDGE_LOOP('',(#1429));
#443=EDGE_LOOP('',(#1430));
#444=EDGE_LOOP('',(#1431,#1432,#1433,#1434,#1435,#1436,#1437,#1438));
#445=EDGE_LOOP('',(#1439,#1440,#1441,#1442));
#446=EDGE_LOOP('',(#1443,#1444,#1445,#1446));
#447=EDGE_LOOP('',(#1447,#1448,#1449,#1450));
#448=EDGE_LOOP('',(#1451,#1452,#1453,#1454));
#449=EDGE_LOOP('',(#1455,#1456,#1457,#1458));
#450=EDGE_LOOP('',(#1459,#1460,#1461,#1462));
#451=EDGE_LOOP('',(#1463,#1464,#1465,#1466));
#452=EDGE_LOOP('',(#1467,#1468,#1469,#1470));
#453=EDGE_LOOP('',(#1471,#1472,#1473,#1474));
#454=EDGE_LOOP('',(#1475,#1476,#1477,#1478));
#455=EDGE_LOOP('',(#1479,#1480,#1481,#1482,#1483,#1484,#1485,#1486));
#456=EDGE_LOOP('',(#1487,#1488,#1489,#1490));
#457=EDGE_LOOP('',(#1491,#1492,#1493,#1494));
#458=EDGE_LOOP('',(#1495));
#459=EDGE_LOOP('',(#1496));
#460=EDGE_LOOP('',(#1497));
#461=EDGE_LOOP('',(#1498));
#462=EDGE_LOOP('',(#1499,#1500,#1501,#1502));
#463=EDGE_LOOP('',(#1503,#1504,#1505,#1506));
#464=EDGE_LOOP('',(#1507,#1508,#1509,#1510));
#465=EDGE_LOOP('',(#1511,#1512,#1513,#1514));
#466=EDGE_LOOP('',(#1515,#1516,#1517,#1518));
#467=EDGE_LOOP('',(#1519,#1520,#1521,#1522));
#468=EDGE_LOOP('',(#1523,#1524,#1525,#1526));
#469=EDGE_LOOP('',(#1527,#1528,#1529,#1530));
#470=EDGE_LOOP('',(#1531,#1532,#1533,#1534));
#471=EDGE_LOOP('',(#1535,#1536,#1537,#1538));
#472=EDGE_LOOP('',(#1539,#1540,#1541,#1542));
#473=EDGE_LOOP('',(#1543,#1544,#1545,#1546));
#474=EDGE_LOOP('',(#1547,#1548,#1549,#1550));
#475=EDGE_LOOP('',(#1551,#1552,#1553,#1554));
#476=EDGE_LOOP('',(#1555,#1556,#1557,#1558));
#477=EDGE_LOOP('',(#1559,#1560,#1561,#1562));
#478=EDGE_LOOP('',(#1563,#1564,#1565,#1566));
#479=EDGE_LOOP('',(#1567,#1568,#1569,#1570));
#480=EDGE_LOOP('',(#1571,#1572,#1573,#1574));
#481=EDGE_LOOP('',(#1575,#1576,#1577,#1578));
#482=EDGE_LOOP('',(#1579,#1580,#1581,#1582));
#483=EDGE_LOOP('',(#1583,#1584,#1585,#1586));
#484=EDGE_LOOP('',(#1587,#1588,#1589,#1590));
#485=EDGE_LOOP('',(#1591,#1592,#1593,#1594));
#486=EDGE_LOOP('',(#1595,#1596,#1597,#1598));
#487=EDGE_LOOP('',(#1599,#1600,#1601,#1602));
#488=EDGE_LOOP('',(#1603,#1604,#1605,#1606));
#489=EDGE_LOOP('',(#1607,#1608,#1609,#1610));
#490=EDGE_LOOP('',(#1611,#1612,#1613,#1614));
#491=EDGE_LOOP('',(#1615,#1616,#1617,#1618));
#492=EDGE_LOOP('',(#1619,#1620,#1621,#1622));
#493=EDGE_LOOP('',(#1623,#1624,#1625,#1626));
#494=EDGE_LOOP('',(#1627,#1628,#1629,#1630));
#495=EDGE_LOOP('',(#1631));
#496=EDGE_LOOP('',(#1632));
#497=EDGE_LOOP('',(#1633));
#498=EDGE_LOOP('',(#1634));
#499=EDGE_LOOP('',(#1635,#1636,#1637,#1638,#1639,#1640,#1641,#1642));
#500=EDGE_LOOP('',(#1643,#1644,#1645,#1646,#1647,#1648,#1649,#1650));
#501=EDGE_LOOP('',(#1651,#1652,#1653,#1654,#1655,#1656,#1657,#1658));
#502=EDGE_LOOP('',(#1659,#1660,#1661,#1662));
#503=EDGE_LOOP('',(#1663));
#504=EDGE_LOOP('',(#1664));
#505=EDGE_LOOP('',(#1665));
#506=EDGE_LOOP('',(#1666));
#507=EDGE_LOOP('',(#1667,#1668,#1669,#1670,#1671,#1672,#1673,#1674));
#508=EDGE_LOOP('',(#1675,#1676,#1677,#1678,#1679,#1680,#1681,#1682));
#509=EDGE_LOOP('',(#1683,#1684,#1685,#1686,#1687,#1688,#1689,#1690));
#510=LINE('',#2552,#655);
#511=LINE('',#2554,#656);
#512=LINE('',#2556,#657);
#513=LINE('',#2557,#658);
#514=LINE('',#2561,#659);
#515=LINE('',#2562,#660);
#516=LINE('',#2563,#661);
#517=LINE('',#2566,#662);
#518=LINE('',#2568,#663);
#519=LINE('',#2569,#664);
#520=LINE('',#2571,#665);
#521=LINE('',#2631,#666);
#522=LINE('',#2692,#667);
#523=LINE('',#2694,#668);
#524=LINE('',#2696,#669);
#525=LINE('',#2698,#670);
#526=LINE('',#2700,#671);
#527=LINE('',#2702,#672);
#528=LINE('',#2704,#673);
#529=LINE('',#2706,#674);
#530=LINE('',#2708,#675);
#531=LINE('',#2710,#676);
#532=LINE('',#2712,#677);
#533=LINE('',#2714,#678);
#534=LINE('',#2716,#679);
#535=LINE('',#2718,#680);
#536=LINE('',#2720,#681);
#537=LINE('',#2722,#682);
#538=LINE('',#2724,#683);
#539=LINE('',#2726,#684);
#540=LINE('',#2728,#685);
#541=LINE('',#2730,#686);
#542=LINE('',#2732,#687);
#543=LINE('',#2734,#688);
#544=LINE('',#2736,#689);
#545=LINE('',#2738,#690);
#546=LINE('',#2740,#691);
#547=LINE('',#2742,#692);
#548=LINE('',#2744,#693);
#549=LINE('',#2746,#694);
#550=LINE('',#2748,#695);
#551=LINE('',#2753,#696);
#552=LINE('',#2755,#697);
#553=LINE('',#2757,#698);
#554=LINE('',#2758,#699);
#555=LINE('',#2762,#700);
#556=LINE('',#2764,#701);
#557=LINE('',#2766,#702);
#558=LINE('',#2767,#703);
#559=LINE('',#2769,#704);
#560=LINE('',#2770,#705);
#561=LINE('',#2773,#706);
#562=LINE('',#2775,#707);
#563=LINE('',#2777,#708);
#564=LINE('',#2779,#709);
#565=LINE('',#2780,#710);
#566=LINE('',#2782,#711);
#567=LINE('',#2784,#712);
#568=LINE('',#2786,#713);
#569=LINE('',#2788,#714);
#570=LINE('',#2789,#715);
#571=LINE('',#2800,#716);
#572=LINE('',#2802,#717);
#573=LINE('',#2803,#718);
#574=LINE('',#2806,#719);
#575=LINE('',#2807,#720);
#576=LINE('',#2810,#721);
#577=LINE('',#2811,#722);
#578=LINE('',#2813,#723);
#579=LINE('',#2816,#724);
#580=LINE('',#2820,#725);
#581=LINE('',#2824,#726);
#582=LINE('',#2828,#727);
#583=LINE('',#2833,#728);
#584=LINE('',#2834,#729);
#585=LINE('',#2835,#730);
#586=LINE('',#2838,#731);
#587=LINE('',#2839,#732);
#588=LINE('',#2842,#733);
#589=LINE('',#2843,#734);
#590=LINE('',#2845,#735);
#591=LINE('',#2852,#736);
#592=LINE('',#2858,#737);
#593=LINE('',#2864,#738);
#594=LINE('',#2870,#739);
#595=LINE('',#2875,#740);
#596=LINE('',#2877,#741);
#597=LINE('',#2879,#742);
#598=LINE('',#2880,#743);
#599=LINE('',#2883,#744);
#600=LINE('',#2885,#745);
#601=LINE('',#2886,#746);
#602=LINE('',#2889,#747);
#603=LINE('',#2891,#748);
#604=LINE('',#2892,#749);
#605=LINE('',#2894,#750);
#606=LINE('',#2895,#751);
#607=LINE('',#2899,#752);
#608=LINE('',#2901,#753);
#609=LINE('',#2903,#754);
#610=LINE('',#2904,#755);
#611=LINE('',#2910,#756);
#612=LINE('',#2913,#757);
#613=LINE('',#2915,#758);
#614=LINE('',#2916,#759);
#615=LINE('',#2922,#760);
#616=LINE('',#2925,#761);
#617=LINE('',#2927,#762);
#618=LINE('',#2928,#763);
#619=LINE('',#2934,#764);
#620=LINE('',#2937,#765);
#621=LINE('',#2939,#766);
#622=LINE('',#2940,#767);
#623=LINE('',#2947,#768);
#624=LINE('',#2949,#769);
#625=LINE('',#2951,#770);
#626=LINE('',#2952,#771);
#627=LINE('',#2958,#772);
#628=LINE('',#2961,#773);
#629=LINE('',#2963,#774);
#630=LINE('',#2964,#775);
#631=LINE('',#2970,#776);
#632=LINE('',#2973,#777);
#633=LINE('',#2975,#778);
#634=LINE('',#2976,#779);
#635=LINE('',#2982,#780);
#636=LINE('',#2985,#781);
#637=LINE('',#2987,#782);
#638=LINE('',#2988,#783);
#639=LINE('',#2995,#784);
#640=LINE('',#2997,#785);
#641=LINE('',#2999,#786);
#642=LINE('',#3000,#787);
#643=LINE('',#3006,#788);
#644=LINE('',#3009,#789);
#645=LINE('',#3011,#790);
#646=LINE('',#3012,#791);
#647=LINE('',#3018,#792);
#648=LINE('',#3021,#793);
#649=LINE('',#3023,#794);
#650=LINE('',#3024,#795);
#651=LINE('',#3030,#796);
#652=LINE('',#3033,#797);
#653=LINE('',#3035,#798);
#654=LINE('',#3036,#799);
#655=VECTOR('',#2029,1.);
#656=VECTOR('',#2030,1.);
#657=VECTOR('',#2031,1.);
#658=VECTOR('',#2032,1.);
#659=VECTOR('',#2035,1.);
#660=VECTOR('',#2036,1.);
#661=VECTOR('',#2037,1.);
#662=VECTOR('',#2040,1.);
#663=VECTOR('',#2041,1.);
#664=VECTOR('',#2042,1.);
#665=VECTOR('',#2045,1.);
#666=VECTOR('',#2106,1.);
#667=VECTOR('',#2169,0.85);
#668=VECTOR('',#2172,0.75);
#669=VECTOR('',#2175,0.85);
#670=VECTOR('',#2178,0.75);
#671=VECTOR('',#2181,2.);
#672=VECTOR('',#2184,0.75);
#673=VECTOR('',#2187,0.85);
#674=VECTOR('',#2190,2.);
#675=VECTOR('',#2193,0.85);
#676=VECTOR('',#2196,0.5);
#677=VECTOR('',#2199,0.5);
#678=VECTOR('',#2202,0.5);
#679=VECTOR('',#2205,0.5);
#680=VECTOR('',#2208,0.85);
#681=VECTOR('',#2211,0.5);
#682=VECTOR('',#2214,0.5);
#683=VECTOR('',#2217,0.5);
#684=VECTOR('',#2220,0.75);
#685=VECTOR('',#2223,0.75);
#686=VECTOR('',#2226,0.5);
#687=VECTOR('',#2229,0.5);
#688=VECTOR('',#2232,2.);
#689=VECTOR('',#2235,0.75);
#690=VECTOR('',#2238,0.85);
#691=VECTOR('',#2241,0.5);
#692=VECTOR('',#2244,0.5);
#693=VECTOR('',#2247,0.5);
#694=VECTOR('',#2250,0.5);
#695=VECTOR('',#2253,0.5);
#696=VECTOR('',#2258,10.);
#697=VECTOR('',#2259,10.);
#698=VECTOR('',#2260,10.);
#699=VECTOR('',#2261,10.);
#700=VECTOR('',#2264,10.);
#701=VECTOR('',#2265,10.);
#702=VECTOR('',#2266,10.);
#703=VECTOR('',#2267,10.);
#704=VECTOR('',#2270,10.);
#705=VECTOR('',#2271,10.);
#706=VECTOR('',#2274,10.);
#707=VECTOR('',#2275,10.);
#708=VECTOR('',#2276,10.);
#709=VECTOR('',#2277,10.);
#710=VECTOR('',#2278,10.);
#711=VECTOR('',#2279,10.);
#712=VECTOR('',#2280,10.);
#713=VECTOR('',#2281,10.);
#714=VECTOR('',#2282,10.);
#715=VECTOR('',#2283,10.);
#716=VECTOR('',#2294,10.);
#717=VECTOR('',#2295,10.);
#718=VECTOR('',#2296,10.);
#719=VECTOR('',#2299,10.);
#720=VECTOR('',#2300,10.);
#721=VECTOR('',#2303,10.);
#722=VECTOR('',#2304,10.);
#723=VECTOR('',#2307,10.);
#724=VECTOR('',#2310,1.5);
#725=VECTOR('',#2315,1.5);
#726=VECTOR('',#2320,1.5);
#727=VECTOR('',#2325,1.5);
#728=VECTOR('',#2330,10.);
#729=VECTOR('',#2331,10.);
#730=VECTOR('',#2332,10.);
#731=VECTOR('',#2335,10.);
#732=VECTOR('',#2336,10.);
#733=VECTOR('',#2339,10.);
#734=VECTOR('',#2340,10.);
#735=VECTOR('',#2343,10.);
#736=VECTOR('',#2352,1.5);
#737=VECTOR('',#2359,1.5);
#738=VECTOR('',#2366,1.5);
#739=VECTOR('',#2373,1.5);
#740=VECTOR('',#2378,10.);
#741=VECTOR('',#2379,10.);
#742=VECTOR('',#2380,10.);
#743=VECTOR('',#2381,10.);
#744=VECTOR('',#2384,10.);
#745=VECTOR('',#2385,10.);
#746=VECTOR('',#2386,10.);
#747=VECTOR('',#2389,10.);
#748=VECTOR('',#2390,10.);
#749=VECTOR('',#2391,10.);
#750=VECTOR('',#2394,10.);
#751=VECTOR('',#2395,10.);
#752=VECTOR('',#2398,10.);
#753=VECTOR('',#2399,10.);
#754=VECTOR('',#2400,10.);
#755=VECTOR('',#2401,10.);
#756=VECTOR('',#2408,10.);
#757=VECTOR('',#2411,10.);
#758=VECTOR('',#2412,10.);
#759=VECTOR('',#2413,10.);
#760=VECTOR('',#2420,10.);
#761=VECTOR('',#2423,10.);
#762=VECTOR('',#2424,10.);
#763=VECTOR('',#2425,10.);
#764=VECTOR('',#2432,10.);
#765=VECTOR('',#2435,10.);
#766=VECTOR('',#2436,10.);
#767=VECTOR('',#2437,10.);
#768=VECTOR('',#2446,10.);
#769=VECTOR('',#2447,10.);
#770=VECTOR('',#2448,10.);
#771=VECTOR('',#2449,10.);
#772=VECTOR('',#2456,10.);
#773=VECTOR('',#2459,10.);
#774=VECTOR('',#2460,10.);
#775=VECTOR('',#2461,10.);
#776=VECTOR('',#2468,10.);
#777=VECTOR('',#2471,10.);
#778=VECTOR('',#2472,10.);
#779=VECTOR('',#2473,10.);
#780=VECTOR('',#2480,10.);
#781=VECTOR('',#2483,10.);
#782=VECTOR('',#2484,10.);
#783=VECTOR('',#2485,10.);
#784=VECTOR('',#2494,10.);
#785=VECTOR('',#2495,10.);
#786=VECTOR('',#2496,10.);
#787=VECTOR('',#2497,10.);
#788=VECTOR('',#2504,10.);
#789=VECTOR('',#2507,10.);
#790=VECTOR('',#2508,10.);
#791=VECTOR('',#2509,10.);
#792=VECTOR('',#2516,10.);
#793=VECTOR('',#2519,10.);
#794=VECTOR('',#2520,10.);
#795=VECTOR('',#2521,10.);
#796=VECTOR('',#2528,10.);
#797=VECTOR('',#2531,10.);
#798=VECTOR('',#2532,10.);
#799=VECTOR('',#2533,10.);
#800=VERTEX_POINT('',#2550);
#801=VERTEX_POINT('',#2551);
#802=VERTEX_POINT('',#2553);
#803=VERTEX_POINT('',#2555);
#804=VERTEX_POINT('',#2559);
#805=VERTEX_POINT('',#2560);
#806=VERTEX_POINT('',#2565);
#807=VERTEX_POINT('',#2567);
#808=VERTEX_POINT('',#2572);
#809=VERTEX_POINT('',#2574);
#810=VERTEX_POINT('',#2576);
#811=VERTEX_POINT('',#2578);
#812=VERTEX_POINT('',#2580);
#813=VERTEX_POINT('',#2582);
#814=VERTEX_POINT('',#2584);
#815=VERTEX_POINT('',#2586);
#816=VERTEX_POINT('',#2588);
#817=VERTEX_POINT('',#2590);
#818=VERTEX_POINT('',#2592);
#819=VERTEX_POINT('',#2594);
#820=VERTEX_POINT('',#2596);
#821=VERTEX_POINT('',#2598);
#822=VERTEX_POINT('',#2600);
#823=VERTEX_POINT('',#2602);
#824=VERTEX_POINT('',#2604);
#825=VERTEX_POINT('',#2606);
#826=VERTEX_POINT('',#2608);
#827=VERTEX_POINT('',#2610);
#828=VERTEX_POINT('',#2612);
#829=VERTEX_POINT('',#2614);
#830=VERTEX_POINT('',#2616);
#831=VERTEX_POINT('',#2618);
#832=VERTEX_POINT('',#2620);
#833=VERTEX_POINT('',#2622);
#834=VERTEX_POINT('',#2624);
#835=VERTEX_POINT('',#2626);
#836=VERTEX_POINT('',#2628);
#837=VERTEX_POINT('',#2632);
#838=VERTEX_POINT('',#2634);
#839=VERTEX_POINT('',#2636);
#840=VERTEX_POINT('',#2638);
#841=VERTEX_POINT('',#2640);
#842=VERTEX_POINT('',#2642);
#843=VERTEX_POINT('',#2644);
#844=VERTEX_POINT('',#2646);
#845=VERTEX_POINT('',#2648);
#846=VERTEX_POINT('',#2650);
#847=VERTEX_POINT('',#2652);
#848=VERTEX_POINT('',#2654);
#849=VERTEX_POINT('',#2656);
#850=VERTEX_POINT('',#2658);
#851=VERTEX_POINT('',#2660);
#852=VERTEX_POINT('',#2662);
#853=VERTEX_POINT('',#2664);
#854=VERTEX_POINT('',#2666);
#855=VERTEX_POINT('',#2668);
#856=VERTEX_POINT('',#2670);
#857=VERTEX_POINT('',#2672);
#858=VERTEX_POINT('',#2674);
#859=VERTEX_POINT('',#2676);
#860=VERTEX_POINT('',#2678);
#861=VERTEX_POINT('',#2680);
#862=VERTEX_POINT('',#2682);
#863=VERTEX_POINT('',#2684);
#864=VERTEX_POINT('',#2686);
#865=VERTEX_POINT('',#2688);
#866=VERTEX_POINT('',#2751);
#867=VERTEX_POINT('',#2752);
#868=VERTEX_POINT('',#2754);
#869=VERTEX_POINT('',#2756);
#870=VERTEX_POINT('',#2760);
#871=VERTEX_POINT('',#2761);
#872=VERTEX_POINT('',#2763);
#873=VERTEX_POINT('',#2765);
#874=VERTEX_POINT('',#2772);
#875=VERTEX_POINT('',#2774);
#876=VERTEX_POINT('',#2776);
#877=VERTEX_POINT('',#2778);
#878=VERTEX_POINT('',#2781);
#879=VERTEX_POINT('',#2783);
#880=VERTEX_POINT('',#2785);
#881=VERTEX_POINT('',#2787);
#882=VERTEX_POINT('',#2790);
#883=VERTEX_POINT('',#2792);
#884=VERTEX_POINT('',#2794);
#885=VERTEX_POINT('',#2796);
#886=VERTEX_POINT('',#2799);
#887=VERTEX_POINT('',#2801);
#888=VERTEX_POINT('',#2805);
#889=VERTEX_POINT('',#2809);
#890=VERTEX_POINT('',#2815);
#891=VERTEX_POINT('',#2819);
#892=VERTEX_POINT('',#2823);
#893=VERTEX_POINT('',#2827);
#894=VERTEX_POINT('',#2831);
#895=VERTEX_POINT('',#2832);
#896=VERTEX_POINT('',#2837);
#897=VERTEX_POINT('',#2841);
#898=VERTEX_POINT('',#2849);
#899=VERTEX_POINT('',#2851);
#900=VERTEX_POINT('',#2855);
#901=VERTEX_POINT('',#2857);
#902=VERTEX_POINT('',#2861);
#903=VERTEX_POINT('',#2863);
#904=VERTEX_POINT('',#2867);
#905=VERTEX_POINT('',#2869);
#906=VERTEX_POINT('',#2873);
#907=VERTEX_POINT('',#2874);
#908=VERTEX_POINT('',#2876);
#909=VERTEX_POINT('',#2878);
#910=VERTEX_POINT('',#2882);
#911=VERTEX_POINT('',#2884);
#912=VERTEX_POINT('',#2888);
#913=VERTEX_POINT('',#2890);
#914=VERTEX_POINT('',#2897);
#915=VERTEX_POINT('',#2898);
#916=VERTEX_POINT('',#2900);
#917=VERTEX_POINT('',#2902);
#918=VERTEX_POINT('',#2906);
#919=VERTEX_POINT('',#2908);
#920=VERTEX_POINT('',#2912);
#921=VERTEX_POINT('',#2914);
#922=VERTEX_POINT('',#2918);
#923=VERTEX_POINT('',#2920);
#924=VERTEX_POINT('',#2924);
#925=VERTEX_POINT('',#2926);
#926=VERTEX_POINT('',#2930);
#927=VERTEX_POINT('',#2932);
#928=VERTEX_POINT('',#2936);
#929=VERTEX_POINT('',#2938);
#930=VERTEX_POINT('',#2945);
#931=VERTEX_POINT('',#2946);
#932=VERTEX_POINT('',#2948);
#933=VERTEX_POINT('',#2950);
#934=VERTEX_POINT('',#2954);
#935=VERTEX_POINT('',#2956);
#936=VERTEX_POINT('',#2960);
#937=VERTEX_POINT('',#2962);
#938=VERTEX_POINT('',#2966);
#939=VERTEX_POINT('',#2968);
#940=VERTEX_POINT('',#2972);
#941=VERTEX_POINT('',#2974);
#942=VERTEX_POINT('',#2978);
#943=VERTEX_POINT('',#2980);
#944=VERTEX_POINT('',#2984);
#945=VERTEX_POINT('',#2986);
#946=VERTEX_POINT('',#2993);
#947=VERTEX_POINT('',#2994);
#948=VERTEX_POINT('',#2996);
#949=VERTEX_POINT('',#2998);
#950=VERTEX_POINT('',#3002);
#951=VERTEX_POINT('',#3004);
#952=VERTEX_POINT('',#3008);
#953=VERTEX_POINT('',#3010);
#954=VERTEX_POINT('',#3014);
#955=VERTEX_POINT('',#3016);
#956=VERTEX_POINT('',#3020);
#957=VERTEX_POINT('',#3022);
#958=VERTEX_POINT('',#3026);
#959=VERTEX_POINT('',#3028);
#960=VERTEX_POINT('',#3032);
#961=VERTEX_POINT('',#3034);
#962=EDGE_CURVE('',#800,#801,#510,.T.);
#963=EDGE_CURVE('',#801,#802,#511,.T.);
#964=EDGE_CURVE('',#803,#802,#512,.T.);
#965=EDGE_CURVE('',#800,#803,#513,.T.);
#966=EDGE_CURVE('',#804,#805,#514,.T.);
#967=EDGE_CURVE('',#805,#801,#515,.T.);
#968=EDGE_CURVE('',#804,#800,#516,.T.);
#969=EDGE_CURVE('',#802,#806,#517,.T.);
#970=EDGE_CURVE('',#807,#806,#518,.T.);
#971=EDGE_CURVE('',#803,#807,#519,.T.);
#972=EDGE_CURVE('',#807,#804,#520,.T.);
#973=EDGE_CURVE('',#808,#808,#158,.T.);
#974=EDGE_CURVE('',#809,#809,#159,.T.);
#975=EDGE_CURVE('',#810,#810,#160,.T.);
#976=EDGE_CURVE('',#811,#811,#161,.T.);
#977=EDGE_CURVE('',#812,#812,#162,.T.);
#978=EDGE_CURVE('',#813,#813,#163,.T.);
#979=EDGE_CURVE('',#814,#814,#164,.T.);
#980=EDGE_CURVE('',#815,#815,#165,.T.);
#981=EDGE_CURVE('',#816,#816,#166,.T.);
#982=EDGE_CURVE('',#817,#817,#167,.T.);
#983=EDGE_CURVE('',#818,#818,#168,.T.);
#984=EDGE_CURVE('',#819,#819,#169,.T.);
#985=EDGE_CURVE('',#820,#820,#170,.T.);
#986=EDGE_CURVE('',#821,#821,#171,.T.);
#987=EDGE_CURVE('',#822,#822,#172,.T.);
#988=EDGE_CURVE('',#823,#823,#173,.T.);
#989=EDGE_CURVE('',#824,#824,#174,.T.);
#990=EDGE_CURVE('',#825,#825,#175,.T.);
#991=EDGE_CURVE('',#826,#826,#176,.T.);
#992=EDGE_CURVE('',#827,#827,#177,.T.);
#993=EDGE_CURVE('',#828,#828,#178,.T.);
#994=EDGE_CURVE('',#829,#829,#179,.T.);
#995=EDGE_CURVE('',#830,#830,#180,.T.);
#996=EDGE_CURVE('',#831,#831,#181,.T.);
#997=EDGE_CURVE('',#832,#832,#182,.T.);
#998=EDGE_CURVE('',#833,#833,#183,.T.);
#999=EDGE_CURVE('',#834,#834,#184,.T.);
#1000=EDGE_CURVE('',#835,#835,#185,.T.);
#1001=EDGE_CURVE('',#836,#836,#186,.T.);
#1002=EDGE_CURVE('',#806,#805,#521,.T.);
#1003=EDGE_CURVE('',#837,#837,#187,.T.);
#1004=EDGE_CURVE('',#838,#838,#188,.T.);
#1005=EDGE_CURVE('',#839,#839,#189,.T.);
#1006=EDGE_CURVE('',#840,#840,#190,.T.);
#1007=EDGE_CURVE('',#841,#841,#191,.T.);
#1008=EDGE_CURVE('',#842,#842,#192,.T.);
#1009=EDGE_CURVE('',#843,#843,#193,.T.);
#1010=EDGE_CURVE('',#844,#844,#194,.T.);
#1011=EDGE_CURVE('',#845,#845,#195,.T.);
#1012=EDGE_CURVE('',#846,#846,#196,.T.);
#1013=EDGE_CURVE('',#847,#847,#197,.T.);
#1014=EDGE_CURVE('',#848,#848,#198,.T.);
#1015=EDGE_CURVE('',#849,#849,#199,.T.);
#1016=EDGE_CURVE('',#850,#850,#200,.T.);
#1017=EDGE_CURVE('',#851,#851,#201,.T.);
#1018=EDGE_CURVE('',#852,#852,#202,.T.);
#1019=EDGE_CURVE('',#853,#853,#203,.T.);
#1020=EDGE_CURVE('',#854,#854,#204,.T.);
#1021=EDGE_CURVE('',#855,#855,#205,.T.);
#1022=EDGE_CURVE('',#856,#856,#206,.T.);
#1023=EDGE_CURVE('',#857,#857,#207,.T.);
#1024=EDGE_CURVE('',#858,#858,#208,.T.);
#1025=EDGE_CURVE('',#859,#859,#209,.T.);
#1026=EDGE_CURVE('',#860,#860,#210,.T.);
#1027=EDGE_CURVE('',#861,#861,#211,.T.);
#1028=EDGE_CURVE('',#862,#862,#212,.T.);
#1029=EDGE_CURVE('',#863,#863,#213,.T.);
#1030=EDGE_CURVE('',#864,#864,#214,.T.);
#1031=EDGE_CURVE('',#865,#865,#215,.T.);
#1032=EDGE_CURVE('',#837,#808,#522,.T.);
#1033=EDGE_CURVE('',#838,#809,#523,.T.);
#1034=EDGE_CURVE('',#839,#810,#524,.T.);
#1035=EDGE_CURVE('',#840,#811,#525,.T.);
#1036=EDGE_CURVE('',#841,#812,#526,.T.);
#1037=EDGE_CURVE('',#842,#813,#527,.T.);
#1038=EDGE_CURVE('',#843,#814,#528,.T.);
#1039=EDGE_CURVE('',#844,#815,#529,.T.);
#1040=EDGE_CURVE('',#845,#816,#530,.T.);
#1041=EDGE_CURVE('',#846,#817,#531,.T.);
#1042=EDGE_CURVE('',#847,#818,#532,.T.);
#1043=EDGE_CURVE('',#848,#819,#533,.T.);
#1044=EDGE_CURVE('',#849,#820,#534,.T.);
#1045=EDGE_CURVE('',#850,#821,#535,.T.);
#1046=EDGE_CURVE('',#851,#822,#536,.T.);
#1047=EDGE_CURVE('',#852,#823,#537,.T.);
#1048=EDGE_CURVE('',#853,#824,#538,.T.);
#1049=EDGE_CURVE('',#854,#825,#539,.T.);
#1050=EDGE_CURVE('',#855,#826,#540,.T.);
#1051=EDGE_CURVE('',#856,#827,#541,.T.);
#1052=EDGE_CURVE('',#857,#828,#542,.T.);
#1053=EDGE_CURVE('',#858,#829,#543,.T.);
#1054=EDGE_CURVE('',#859,#830,#544,.T.);
#1055=EDGE_CURVE('',#860,#831,#545,.T.);
#1056=EDGE_CURVE('',#861,#832,#546,.T.);
#1057=EDGE_CURVE('',#862,#833,#547,.T.);
#1058=EDGE_CURVE('',#863,#834,#548,.T.);
#1059=EDGE_CURVE('',#864,#835,#549,.T.);
#1060=EDGE_CURVE('',#865,#836,#550,.T.);
#1061=EDGE_CURVE('',#866,#867,#551,.T.);
#1062=EDGE_CURVE('',#868,#866,#552,.T.);
#1063=EDGE_CURVE('',#869,#868,#553,.T.);
#1064=EDGE_CURVE('',#867,#869,#554,.T.);
#1065=EDGE_CURVE('',#870,#871,#555,.T.);
#1066=EDGE_CURVE('',#870,#872,#556,.T.);
#1067=EDGE_CURVE('',#873,#872,#557,.T.);
#1068=EDGE_CURVE('',#871,#873,#558,.T.);
#1069=EDGE_CURVE('',#867,#870,#559,.T.);
#1070=EDGE_CURVE('',#872,#869,#560,.T.);
#1071=EDGE_CURVE('',#873,#874,#561,.T.);
#1072=EDGE_CURVE('',#874,#875,#562,.T.);
#1073=EDGE_CURVE('',#875,#876,#563,.T.);
#1074=EDGE_CURVE('',#876,#877,#564,.T.);
#1075=EDGE_CURVE('',#877,#868,#565,.T.);
#1076=EDGE_CURVE('',#866,#878,#566,.T.);
#1077=EDGE_CURVE('',#878,#879,#567,.T.);
#1078=EDGE_CURVE('',#879,#880,#568,.T.);
#1079=EDGE_CURVE('',#880,#881,#569,.T.);
#1080=EDGE_CURVE('',#881,#871,#570,.T.);
#1081=EDGE_CURVE('',#882,#882,#216,.T.);
#1082=EDGE_CURVE('',#883,#883,#217,.T.);
#1083=EDGE_CURVE('',#884,#884,#218,.T.);
#1084=EDGE_CURVE('',#885,#885,#219,.T.);
#1085=EDGE_CURVE('',#886,#877,#571,.T.);
#1086=EDGE_CURVE('',#887,#886,#572,.T.);
#1087=EDGE_CURVE('',#887,#874,#573,.T.);
#1088=EDGE_CURVE('',#888,#887,#574,.T.);
#1089=EDGE_CURVE('',#888,#875,#575,.T.);
#1090=EDGE_CURVE('',#889,#888,#576,.T.);
#1091=EDGE_CURVE('',#889,#876,#577,.T.);
#1092=EDGE_CURVE('',#886,#889,#578,.T.);
#1093=EDGE_CURVE('',#883,#890,#579,.T.);
#1094=EDGE_CURVE('',#890,#890,#220,.T.);
#1095=EDGE_CURVE('',#885,#891,#580,.T.);
#1096=EDGE_CURVE('',#891,#891,#221,.T.);
#1097=EDGE_CURVE('',#882,#892,#581,.T.);
#1098=EDGE_CURVE('',#892,#892,#222,.T.);
#1099=EDGE_CURVE('',#884,#893,#582,.T.);
#1100=EDGE_CURVE('',#893,#893,#223,.T.);
#1101=EDGE_CURVE('',#894,#895,#583,.T.);
#1102=EDGE_CURVE('',#894,#881,#584,.T.);
#1103=EDGE_CURVE('',#895,#880,#585,.T.);
#1104=EDGE_CURVE('',#895,#896,#586,.T.);
#1105=EDGE_CURVE('',#896,#879,#587,.T.);
#1106=EDGE_CURVE('',#896,#897,#588,.T.);
#1107=EDGE_CURVE('',#897,#878,#589,.T.);
#1108=EDGE_CURVE('',#897,#894,#590,.T.);
#1109=EDGE_CURVE('',#898,#898,#224,.T.);
#1110=EDGE_CURVE('',#898,#899,#591,.T.);
#1111=EDGE_CURVE('',#899,#899,#225,.T.);
#1112=EDGE_CURVE('',#900,#900,#226,.T.);
#1113=EDGE_CURVE('',#900,#901,#592,.T.);
#1114=EDGE_CURVE('',#901,#901,#227,.T.);
#1115=EDGE_CURVE('',#902,#902,#228,.T.);
#1116=EDGE_CURVE('',#902,#903,#593,.T.);
#1117=EDGE_CURVE('',#903,#903,#229,.T.);
#1118=EDGE_CURVE('',#904,#904,#230,.T.);
#1119=EDGE_CURVE('',#904,#905,#594,.T.);
#1120=EDGE_CURVE('',#905,#905,#231,.T.);
#1121=EDGE_CURVE('',#906,#907,#595,.T.);
#1122=EDGE_CURVE('',#907,#908,#596,.T.);
#1123=EDGE_CURVE('',#909,#908,#597,.T.);
#1124=EDGE_CURVE('',#906,#909,#598,.T.);
#1125=EDGE_CURVE('',#910,#906,#599,.T.);
#1126=EDGE_CURVE('',#911,#909,#600,.T.);
#1127=EDGE_CURVE('',#910,#911,#601,.T.);
#1128=EDGE_CURVE('',#912,#910,#602,.T.);
#1129=EDGE_CURVE('',#913,#911,#603,.T.);
#1130=EDGE_CURVE('',#912,#913,#604,.T.);
#1131=EDGE_CURVE('',#907,#912,#605,.T.);
#1132=EDGE_CURVE('',#908,#913,#606,.T.);
#1133=EDGE_CURVE('',#914,#915,#607,.T.);
#1134=EDGE_CURVE('',#915,#916,#608,.T.);
#1135=EDGE_CURVE('',#917,#916,#609,.T.);
#1136=EDGE_CURVE('',#914,#917,#610,.T.);
#1137=EDGE_CURVE('',#918,#914,#232,.T.);
#1138=EDGE_CURVE('',#919,#917,#233,.T.);
#1139=EDGE_CURVE('',#918,#919,#611,.T.);
#1140=EDGE_CURVE('',#920,#918,#612,.T.);
#1141=EDGE_CURVE('',#921,#919,#613,.T.);
#1142=EDGE_CURVE('',#920,#921,#614,.T.);
#1143=EDGE_CURVE('',#922,#920,#234,.T.);
#1144=EDGE_CURVE('',#923,#921,#235,.T.);
#1145=EDGE_CURVE('',#922,#923,#615,.T.);
#1146=EDGE_CURVE('',#924,#922,#616,.T.);
#1147=EDGE_CURVE('',#925,#923,#617,.T.);
#1148=EDGE_CURVE('',#924,#925,#618,.T.);
#1149=EDGE_CURVE('',#926,#924,#236,.T.);
#1150=EDGE_CURVE('',#927,#925,#237,.T.);
#1151=EDGE_CURVE('',#926,#927,#619,.T.);
#1152=EDGE_CURVE('',#928,#926,#620,.T.);
#1153=EDGE_CURVE('',#929,#927,#621,.T.);
#1154=EDGE_CURVE('',#928,#929,#622,.T.);
#1155=EDGE_CURVE('',#915,#928,#238,.T.);
#1156=EDGE_CURVE('',#916,#929,#239,.T.);
#1157=EDGE_CURVE('',#930,#931,#623,.T.);
#1158=EDGE_CURVE('',#931,#932,#624,.T.);
#1159=EDGE_CURVE('',#933,#932,#625,.T.);
#1160=EDGE_CURVE('',#930,#933,#626,.T.);
#1161=EDGE_CURVE('',#934,#930,#240,.T.);
#1162=EDGE_CURVE('',#935,#933,#241,.T.);
#1163=EDGE_CURVE('',#934,#935,#627,.T.);
#1164=EDGE_CURVE('',#936,#934,#628,.T.);
#1165=EDGE_CURVE('',#937,#935,#629,.T.);
#1166=EDGE_CURVE('',#936,#937,#630,.T.);
#1167=EDGE_CURVE('',#938,#936,#242,.T.);
#1168=EDGE_CURVE('',#939,#937,#243,.T.);
#1169=EDGE_CURVE('',#938,#939,#631,.T.);
#1170=EDGE_CURVE('',#940,#938,#632,.T.);
#1171=EDGE_CURVE('',#941,#939,#633,.T.);
#1172=EDGE_CURVE('',#940,#941,#634,.T.);
#1173=EDGE_CURVE('',#942,#940,#244,.T.);
#1174=EDGE_CURVE('',#943,#941,#245,.T.);
#1175=EDGE_CURVE('',#942,#943,#635,.T.);
#1176=EDGE_CURVE('',#944,#942,#636,.T.);
#1177=EDGE_CURVE('',#945,#943,#637,.T.);
#1178=EDGE_CURVE('',#944,#945,#638,.T.);
#1179=EDGE_CURVE('',#931,#944,#246,.T.);
#1180=EDGE_CURVE('',#932,#945,#247,.T.);
#1181=EDGE_CURVE('',#946,#947,#639,.T.);
#1182=EDGE_CURVE('',#947,#948,#640,.T.);
#1183=EDGE_CURVE('',#949,#948,#641,.T.);
#1184=EDGE_CURVE('',#946,#949,#642,.T.);
#1185=EDGE_CURVE('',#950,#946,#248,.T.);
#1186=EDGE_CURVE('',#951,#949,#249,.T.);
#1187=EDGE_CURVE('',#950,#951,#643,.T.);
#1188=EDGE_CURVE('',#952,#950,#644,.T.);
#1189=EDGE_CURVE('',#953,#951,#645,.T.);
#1190=EDGE_CURVE('',#952,#953,#646,.T.);
#1191=EDGE_CURVE('',#954,#952,#250,.T.);
#1192=EDGE_CURVE('',#955,#953,#251,.T.);
#1193=EDGE_CURVE('',#954,#955,#647,.T.);
#1194=EDGE_CURVE('',#956,#954,#648,.T.);
#1195=EDGE_CURVE('',#957,#955,#649,.T.);
#1196=EDGE_CURVE('',#956,#957,#650,.T.);
#1197=EDGE_CURVE('',#958,#956,#252,.T.);
#1198=EDGE_CURVE('',#959,#957,#253,.T.);
#1199=EDGE_CURVE('',#958,#959,#651,.T.);
#1200=EDGE_CURVE('',#960,#958,#652,.T.);
#1201=EDGE_CURVE('',#961,#959,#653,.T.);
#1202=EDGE_CURVE('',#960,#961,#654,.T.);
#1203=EDGE_CURVE('',#947,#960,#254,.T.);
#1204=EDGE_CURVE('',#948,#961,#255,.T.);
#1205=ORIENTED_EDGE('',*,*,#962,.T.);
#1206=ORIENTED_EDGE('',*,*,#963,.T.);
#1207=ORIENTED_EDGE('',*,*,#964,.F.);
#1208=ORIENTED_EDGE('',*,*,#965,.F.);
#1209=ORIENTED_EDGE('',*,*,#966,.T.);
#1210=ORIENTED_EDGE('',*,*,#967,.T.);
#1211=ORIENTED_EDGE('',*,*,#962,.F.);
#1212=ORIENTED_EDGE('',*,*,#968,.F.);
#1213=ORIENTED_EDGE('',*,*,#964,.T.);
#1214=ORIENTED_EDGE('',*,*,#969,.T.);
#1215=ORIENTED_EDGE('',*,*,#970,.F.);
#1216=ORIENTED_EDGE('',*,*,#971,.F.);
#1217=ORIENTED_EDGE('',*,*,#965,.T.);
#1218=ORIENTED_EDGE('',*,*,#971,.T.);
#1219=ORIENTED_EDGE('',*,*,#972,.T.);
#1220=ORIENTED_EDGE('',*,*,#968,.T.);
#1221=ORIENTED_EDGE('',*,*,#973,.F.);
#1222=ORIENTED_EDGE('',*,*,#974,.F.);
#1223=ORIENTED_EDGE('',*,*,#975,.F.);
#1224=ORIENTED_EDGE('',*,*,#976,.F.);
#1225=ORIENTED_EDGE('',*,*,#977,.F.);
#1226=ORIENTED_EDGE('',*,*,#978,.F.);
#1227=ORIENTED_EDGE('',*,*,#979,.F.);
#1228=ORIENTED_EDGE('',*,*,#980,.F.);
#1229=ORIENTED_EDGE('',*,*,#981,.F.);
#1230=ORIENTED_EDGE('',*,*,#982,.F.);
#1231=ORIENTED_EDGE('',*,*,#983,.F.);
#1232=ORIENTED_EDGE('',*,*,#984,.F.);
#1233=ORIENTED_EDGE('',*,*,#985,.F.);
#1234=ORIENTED_EDGE('',*,*,#986,.F.);
#1235=ORIENTED_EDGE('',*,*,#987,.F.);
#1236=ORIENTED_EDGE('',*,*,#988,.F.);
#1237=ORIENTED_EDGE('',*,*,#989,.F.);
#1238=ORIENTED_EDGE('',*,*,#990,.F.);
#1239=ORIENTED_EDGE('',*,*,#991,.F.);
#1240=ORIENTED_EDGE('',*,*,#992,.F.);
#1241=ORIENTED_EDGE('',*,*,#993,.F.);
#1242=ORIENTED_EDGE('',*,*,#994,.F.);
#1243=ORIENTED_EDGE('',*,*,#995,.F.);
#1244=ORIENTED_EDGE('',*,*,#996,.F.);
#1245=ORIENTED_EDGE('',*,*,#997,.F.);
#1246=ORIENTED_EDGE('',*,*,#998,.F.);
#1247=ORIENTED_EDGE('',*,*,#999,.F.);
#1248=ORIENTED_EDGE('',*,*,#1000,.F.);
#1249=ORIENTED_EDGE('',*,*,#1001,.F.);
#1250=ORIENTED_EDGE('',*,*,#963,.F.);
#1251=ORIENTED_EDGE('',*,*,#967,.F.);
#1252=ORIENTED_EDGE('',*,*,#1002,.F.);
#1253=ORIENTED_EDGE('',*,*,#969,.F.);
#1254=ORIENTED_EDGE('',*,*,#1003,.T.);
#1255=ORIENTED_EDGE('',*,*,#1004,.T.);
#1256=ORIENTED_EDGE('',*,*,#1005,.T.);
#1257=ORIENTED_EDGE('',*,*,#1006,.T.);
#1258=ORIENTED_EDGE('',*,*,#1007,.T.);
#1259=ORIENTED_EDGE('',*,*,#1008,.T.);
#1260=ORIENTED_EDGE('',*,*,#1009,.T.);
#1261=ORIENTED_EDGE('',*,*,#1010,.T.);
#1262=ORIENTED_EDGE('',*,*,#1011,.T.);
#1263=ORIENTED_EDGE('',*,*,#1012,.T.);
#1264=ORIENTED_EDGE('',*,*,#1013,.T.);
#1265=ORIENTED_EDGE('',*,*,#1014,.T.);
#1266=ORIENTED_EDGE('',*,*,#1015,.T.);
#1267=ORIENTED_EDGE('',*,*,#1016,.T.);
#1268=ORIENTED_EDGE('',*,*,#1017,.T.);
#1269=ORIENTED_EDGE('',*,*,#1018,.T.);
#1270=ORIENTED_EDGE('',*,*,#1019,.T.);
#1271=ORIENTED_EDGE('',*,*,#1020,.T.);
#1272=ORIENTED_EDGE('',*,*,#1021,.T.);
#1273=ORIENTED_EDGE('',*,*,#1022,.T.);
#1274=ORIENTED_EDGE('',*,*,#1023,.T.);
#1275=ORIENTED_EDGE('',*,*,#1024,.T.);
#1276=ORIENTED_EDGE('',*,*,#1025,.T.);
#1277=ORIENTED_EDGE('',*,*,#1026,.T.);
#1278=ORIENTED_EDGE('',*,*,#1027,.T.);
#1279=ORIENTED_EDGE('',*,*,#1028,.T.);
#1280=ORIENTED_EDGE('',*,*,#1029,.T.);
#1281=ORIENTED_EDGE('',*,*,#1030,.T.);
#1282=ORIENTED_EDGE('',*,*,#1031,.T.);
#1283=ORIENTED_EDGE('',*,*,#970,.T.);
#1284=ORIENTED_EDGE('',*,*,#1002,.T.);
#1285=ORIENTED_EDGE('',*,*,#966,.F.);
#1286=ORIENTED_EDGE('',*,*,#972,.F.);
#1287=ORIENTED_EDGE('',*,*,#1003,.F.);
#1288=ORIENTED_EDGE('',*,*,#1032,.T.);
#1289=ORIENTED_EDGE('',*,*,#973,.T.);
#1290=ORIENTED_EDGE('',*,*,#1032,.F.);
#1291=ORIENTED_EDGE('',*,*,#1004,.F.);
#1292=ORIENTED_EDGE('',*,*,#1033,.T.);
#1293=ORIENTED_EDGE('',*,*,#974,.T.);
#1294=ORIENTED_EDGE('',*,*,#1033,.F.);
#1295=ORIENTED_EDGE('',*,*,#1005,.F.);
#1296=ORIENTED_EDGE('',*,*,#1034,.T.);
#1297=ORIENTED_EDGE('',*,*,#975,.T.);
#1298=ORIENTED_EDGE('',*,*,#1034,.F.);
#1299=ORIENTED_EDGE('',*,*,#1006,.F.);
#1300=ORIENTED_EDGE('',*,*,#1035,.T.);
#1301=ORIENTED_EDGE('',*,*,#976,.T.);
#1302=ORIENTED_EDGE('',*,*,#1035,.F.);
#1303=ORIENTED_EDGE('',*,*,#1007,.F.);
#1304=ORIENTED_EDGE('',*,*,#1036,.T.);
#1305=ORIENTED_EDGE('',*,*,#977,.T.);
#1306=ORIENTED_EDGE('',*,*,#1036,.F.);
#1307=ORIENTED_EDGE('',*,*,#1008,.F.);
#1308=ORIENTED_EDGE('',*,*,#1037,.T.);
#1309=ORIENTED_EDGE('',*,*,#978,.T.);
#1310=ORIENTED_EDGE('',*,*,#1037,.F.);
#1311=ORIENTED_EDGE('',*,*,#1009,.F.);
#1312=ORIENTED_EDGE('',*,*,#1038,.T.);
#1313=ORIENTED_EDGE('',*,*,#979,.T.);
#1314=ORIENTED_EDGE('',*,*,#1038,.F.);
#1315=ORIENTED_EDGE('',*,*,#1010,.F.);
#1316=ORIENTED_EDGE('',*,*,#1039,.T.);
#1317=ORIENTED_EDGE('',*,*,#980,.T.);
#1318=ORIENTED_EDGE('',*,*,#1039,.F.);
#1319=ORIENTED_EDGE('',*,*,#1011,.F.);
#1320=ORIENTED_EDGE('',*,*,#1040,.T.);
#1321=ORIENTED_EDGE('',*,*,#981,.T.);
#1322=ORIENTED_EDGE('',*,*,#1040,.F.);
#1323=ORIENTED_EDGE('',*,*,#1012,.F.);
#1324=ORIENTED_EDGE('',*,*,#1041,.T.);
#1325=ORIENTED_EDGE('',*,*,#982,.T.);
#1326=ORIENTED_EDGE('',*,*,#1041,.F.);
#1327=ORIENTED_EDGE('',*,*,#1013,.F.);
#1328=ORIENTED_EDGE('',*,*,#1042,.T.);
#1329=ORIENTED_EDGE('',*,*,#983,.T.);
#1330=ORIENTED_EDGE('',*,*,#1042,.F.);
#1331=ORIENTED_EDGE('',*,*,#1014,.F.);
#1332=ORIENTED_EDGE('',*,*,#1043,.T.);
#1333=ORIENTED_EDGE('',*,*,#984,.T.);
#1334=ORIENTED_EDGE('',*,*,#1043,.F.);
#1335=ORIENTED_EDGE('',*,*,#1015,.F.);
#1336=ORIENTED_EDGE('',*,*,#1044,.T.);
#1337=ORIENTED_EDGE('',*,*,#985,.T.);
#1338=ORIENTED_EDGE('',*,*,#1044,.F.);
#1339=ORIENTED_EDGE('',*,*,#1016,.F.);
#1340=ORIENTED_EDGE('',*,*,#1045,.T.);
#1341=ORIENTED_EDGE('',*,*,#986,.T.);
#1342=ORIENTED_EDGE('',*,*,#1045,.F.);
#1343=ORIENTED_EDGE('',*,*,#1017,.F.);
#1344=ORIENTED_EDGE('',*,*,#1046,.T.);
#1345=ORIENTED_EDGE('',*,*,#987,.T.);
#1346=ORIENTED_EDGE('',*,*,#1046,.F.);
#1347=ORIENTED_EDGE('',*,*,#1018,.F.);
#1348=ORIENTED_EDGE('',*,*,#1047,.T.);
#1349=ORIENTED_EDGE('',*,*,#988,.T.);
#1350=ORIENTED_EDGE('',*,*,#1047,.F.);
#1351=ORIENTED_EDGE('',*,*,#1019,.F.);
#1352=ORIENTED_EDGE('',*,*,#1048,.T.);
#1353=ORIENTED_EDGE('',*,*,#989,.T.);
#1354=ORIENTED_EDGE('',*,*,#1048,.F.);
#1355=ORIENTED_EDGE('',*,*,#1020,.F.);
#1356=ORIENTED_EDGE('',*,*,#1049,.T.);
#1357=ORIENTED_EDGE('',*,*,#990,.T.);
#1358=ORIENTED_EDGE('',*,*,#1049,.F.);
#1359=ORIENTED_EDGE('',*,*,#1021,.F.);
#1360=ORIENTED_EDGE('',*,*,#1050,.T.);
#1361=ORIENTED_EDGE('',*,*,#991,.T.);
#1362=ORIENTED_EDGE('',*,*,#1050,.F.);
#1363=ORIENTED_EDGE('',*,*,#1022,.F.);
#1364=ORIENTED_EDGE('',*,*,#1051,.T.);
#1365=ORIENTED_EDGE('',*,*,#992,.T.);
#1366=ORIENTED_EDGE('',*,*,#1051,.F.);
#1367=ORIENTED_EDGE('',*,*,#1023,.F.);
#1368=ORIENTED_EDGE('',*,*,#1052,.T.);
#1369=ORIENTED_EDGE('',*,*,#993,.T.);
#1370=ORIENTED_EDGE('',*,*,#1052,.F.);
#1371=ORIENTED_EDGE('',*,*,#1024,.F.);
#1372=ORIENTED_EDGE('',*,*,#1053,.T.);
#1373=ORIENTED_EDGE('',*,*,#994,.T.);
#1374=ORIENTED_EDGE('',*,*,#1053,.F.);
#1375=ORIENTED_EDGE('',*,*,#1025,.F.);
#1376=ORIENTED_EDGE('',*,*,#1054,.T.);
#1377=ORIENTED_EDGE('',*,*,#995,.T.);
#1378=ORIENTED_EDGE('',*,*,#1054,.F.);
#1379=ORIENTED_EDGE('',*,*,#1026,.F.);
#1380=ORIENTED_EDGE('',*,*,#1055,.T.);
#1381=ORIENTED_EDGE('',*,*,#996,.T.);
#1382=ORIENTED_EDGE('',*,*,#1055,.F.);
#1383=ORIENTED_EDGE('',*,*,#1027,.F.);
#1384=ORIENTED_EDGE('',*,*,#1056,.T.);
#1385=ORIENTED_EDGE('',*,*,#997,.T.);
#1386=ORIENTED_EDGE('',*,*,#1056,.F.);
#1387=ORIENTED_EDGE('',*,*,#1028,.F.);
#1388=ORIENTED_EDGE('',*,*,#1057,.T.);
#1389=ORIENTED_EDGE('',*,*,#998,.T.);
#1390=ORIENTED_EDGE('',*,*,#1057,.F.);
#1391=ORIENTED_EDGE('',*,*,#1029,.F.);
#1392=ORIENTED_EDGE('',*,*,#1058,.T.);
#1393=ORIENTED_EDGE('',*,*,#999,.T.);
#1394=ORIENTED_EDGE('',*,*,#1058,.F.);
#1395=ORIENTED_EDGE('',*,*,#1030,.F.);
#1396=ORIENTED_EDGE('',*,*,#1059,.T.);
#1397=ORIENTED_EDGE('',*,*,#1000,.T.);
#1398=ORIENTED_EDGE('',*,*,#1059,.F.);
#1399=ORIENTED_EDGE('',*,*,#1031,.F.);
#1400=ORIENTED_EDGE('',*,*,#1060,.T.);
#1401=ORIENTED_EDGE('',*,*,#1001,.T.);
#1402=ORIENTED_EDGE('',*,*,#1060,.F.);
#1403=ORIENTED_EDGE('',*,*,#1061,.F.);
#1404=ORIENTED_EDGE('',*,*,#1062,.F.);
#1405=ORIENTED_EDGE('',*,*,#1063,.F.);
#1406=ORIENTED_EDGE('',*,*,#1064,.F.);
#1407=ORIENTED_EDGE('',*,*,#1065,.F.);
#1408=ORIENTED_EDGE('',*,*,#1066,.T.);
#1409=ORIENTED_EDGE('',*,*,#1067,.F.);
#1410=ORIENTED_EDGE('',*,*,#1068,.F.);
#1411=ORIENTED_EDGE('',*,*,#1069,.F.);
#1412=ORIENTED_EDGE('',*,*,#1064,.T.);
#1413=ORIENTED_EDGE('',*,*,#1070,.F.);
#1414=ORIENTED_EDGE('',*,*,#1066,.F.);
#1415=ORIENTED_EDGE('',*,*,#1068,.T.);
#1416=ORIENTED_EDGE('',*,*,#1071,.T.);
#1417=ORIENTED_EDGE('',*,*,#1072,.T.);
#1418=ORIENTED_EDGE('',*,*,#1073,.T.);
#1419=ORIENTED_EDGE('',*,*,#1074,.T.);
#1420=ORIENTED_EDGE('',*,*,#1075,.T.);
#1421=ORIENTED_EDGE('',*,*,#1062,.T.);
#1422=ORIENTED_EDGE('',*,*,#1076,.T.);
#1423=ORIENTED_EDGE('',*,*,#1077,.T.);
#1424=ORIENTED_EDGE('',*,*,#1078,.T.);
#1425=ORIENTED_EDGE('',*,*,#1079,.T.);
#1426=ORIENTED_EDGE('',*,*,#1080,.T.);
#1427=ORIENTED_EDGE('',*,*,#1081,.T.);
#1428=ORIENTED_EDGE('',*,*,#1082,.T.);
#1429=ORIENTED_EDGE('',*,*,#1083,.T.);
#1430=ORIENTED_EDGE('',*,*,#1084,.T.);
#1431=ORIENTED_EDGE('',*,*,#1067,.T.);
#1432=ORIENTED_EDGE('',*,*,#1070,.T.);
#1433=ORIENTED_EDGE('',*,*,#1063,.T.);
#1434=ORIENTED_EDGE('',*,*,#1075,.F.);
#1435=ORIENTED_EDGE('',*,*,#1085,.F.);
#1436=ORIENTED_EDGE('',*,*,#1086,.F.);
#1437=ORIENTED_EDGE('',*,*,#1087,.T.);
#1438=ORIENTED_EDGE('',*,*,#1071,.F.);
#1439=ORIENTED_EDGE('',*,*,#1088,.F.);
#1440=ORIENTED_EDGE('',*,*,#1089,.T.);
#1441=ORIENTED_EDGE('',*,*,#1072,.F.);
#1442=ORIENTED_EDGE('',*,*,#1087,.F.);
#1443=ORIENTED_EDGE('',*,*,#1090,.F.);
#1444=ORIENTED_EDGE('',*,*,#1091,.T.);
#1445=ORIENTED_EDGE('',*,*,#1073,.F.);
#1446=ORIENTED_EDGE('',*,*,#1089,.F.);
#1447=ORIENTED_EDGE('',*,*,#1092,.F.);
#1448=ORIENTED_EDGE('',*,*,#1085,.T.);
#1449=ORIENTED_EDGE('',*,*,#1074,.F.);
#1450=ORIENTED_EDGE('',*,*,#1091,.F.);
#1451=ORIENTED_EDGE('',*,*,#1082,.F.);
#1452=ORIENTED_EDGE('',*,*,#1093,.T.);
#1453=ORIENTED_EDGE('',*,*,#1094,.T.);
#1454=ORIENTED_EDGE('',*,*,#1093,.F.);
#1455=ORIENTED_EDGE('',*,*,#1084,.F.);
#1456=ORIENTED_EDGE('',*,*,#1095,.T.);
#1457=ORIENTED_EDGE('',*,*,#1096,.T.);
#1458=ORIENTED_EDGE('',*,*,#1095,.F.);
#1459=ORIENTED_EDGE('',*,*,#1081,.F.);
#1460=ORIENTED_EDGE('',*,*,#1097,.T.);
#1461=ORIENTED_EDGE('',*,*,#1098,.T.);
#1462=ORIENTED_EDGE('',*,*,#1097,.F.);
#1463=ORIENTED_EDGE('',*,*,#1083,.F.);
#1464=ORIENTED_EDGE('',*,*,#1099,.T.);
#1465=ORIENTED_EDGE('',*,*,#1100,.T.);
#1466=ORIENTED_EDGE('',*,*,#1099,.F.);
#1467=ORIENTED_EDGE('',*,*,#1101,.F.);
#1468=ORIENTED_EDGE('',*,*,#1102,.T.);
#1469=ORIENTED_EDGE('',*,*,#1079,.F.);
#1470=ORIENTED_EDGE('',*,*,#1103,.F.);
#1471=ORIENTED_EDGE('',*,*,#1104,.F.);
#1472=ORIENTED_EDGE('',*,*,#1103,.T.);
#1473=ORIENTED_EDGE('',*,*,#1078,.F.);
#1474=ORIENTED_EDGE('',*,*,#1105,.F.);
#1475=ORIENTED_EDGE('',*,*,#1106,.F.);
#1476=ORIENTED_EDGE('',*,*,#1105,.T.);
#1477=ORIENTED_EDGE('',*,*,#1077,.F.);
#1478=ORIENTED_EDGE('',*,*,#1107,.F.);
#1479=ORIENTED_EDGE('',*,*,#1065,.T.);
#1480=ORIENTED_EDGE('',*,*,#1080,.F.);
#1481=ORIENTED_EDGE('',*,*,#1102,.F.);
#1482=ORIENTED_EDGE('',*,*,#1108,.F.);
#1483=ORIENTED_EDGE('',*,*,#1107,.T.);
#1484=ORIENTED_EDGE('',*,*,#1076,.F.);
#1485=ORIENTED_EDGE('',*,*,#1061,.T.);
#1486=ORIENTED_EDGE('',*,*,#1069,.T.);
#1487=ORIENTED_EDGE('',*,*,#1088,.T.);
#1488=ORIENTED_EDGE('',*,*,#1086,.T.);
#1489=ORIENTED_EDGE('',*,*,#1092,.T.);
#1490=ORIENTED_EDGE('',*,*,#1090,.T.);
#1491=ORIENTED_EDGE('',*,*,#1108,.T.);
#1492=ORIENTED_EDGE('',*,*,#1101,.T.);
#1493=ORIENTED_EDGE('',*,*,#1104,.T.);
#1494=ORIENTED_EDGE('',*,*,#1106,.T.);
#1495=ORIENTED_EDGE('',*,*,#1100,.F.);
#1496=ORIENTED_EDGE('',*,*,#1098,.F.);
#1497=ORIENTED_EDGE('',*,*,#1096,.F.);
#1498=ORIENTED_EDGE('',*,*,#1094,.F.);
#1499=ORIENTED_EDGE('',*,*,#1109,.F.);
#1500=ORIENTED_EDGE('',*,*,#1110,.T.);
#1501=ORIENTED_EDGE('',*,*,#1111,.T.);
#1502=ORIENTED_EDGE('',*,*,#1110,.F.);
#1503=ORIENTED_EDGE('',*,*,#1112,.F.);
#1504=ORIENTED_EDGE('',*,*,#1113,.T.);
#1505=ORIENTED_EDGE('',*,*,#1114,.T.);
#1506=ORIENTED_EDGE('',*,*,#1113,.F.);
#1507=ORIENTED_EDGE('',*,*,#1115,.F.);
#1508=ORIENTED_EDGE('',*,*,#1116,.T.);
#1509=ORIENTED_EDGE('',*,*,#1117,.T.);
#1510=ORIENTED_EDGE('',*,*,#1116,.F.);
#1511=ORIENTED_EDGE('',*,*,#1118,.F.);
#1512=ORIENTED_EDGE('',*,*,#1119,.T.);
#1513=ORIENTED_EDGE('',*,*,#1120,.T.);
#1514=ORIENTED_EDGE('',*,*,#1119,.F.);
#1515=ORIENTED_EDGE('',*,*,#1121,.T.);
#1516=ORIENTED_EDGE('',*,*,#1122,.T.);
#1517=ORIENTED_EDGE('',*,*,#1123,.F.);
#1518=ORIENTED_EDGE('',*,*,#1124,.F.);
#1519=ORIENTED_EDGE('',*,*,#1125,.T.);
#1520=ORIENTED_EDGE('',*,*,#1124,.T.);
#1521=ORIENTED_EDGE('',*,*,#1126,.F.);
#1522=ORIENTED_EDGE('',*,*,#1127,.F.);
#1523=ORIENTED_EDGE('',*,*,#1128,.T.);
#1524=ORIENTED_EDGE('',*,*,#1127,.T.);
#1525=ORIENTED_EDGE('',*,*,#1129,.F.);
#1526=ORIENTED_EDGE('',*,*,#1130,.F.);
#1527=ORIENTED_EDGE('',*,*,#1131,.T.);
#1528=ORIENTED_EDGE('',*,*,#1130,.T.);
#1529=ORIENTED_EDGE('',*,*,#1132,.F.);
#1530=ORIENTED_EDGE('',*,*,#1122,.F.);
#1531=ORIENTED_EDGE('',*,*,#1133,.T.);
#1532=ORIENTED_EDGE('',*,*,#1134,.T.);
#1533=ORIENTED_EDGE('',*,*,#1135,.F.);
#1534=ORIENTED_EDGE('',*,*,#1136,.F.);
#1535=ORIENTED_EDGE('',*,*,#1137,.T.);
#1536=ORIENTED_EDGE('',*,*,#1136,.T.);
#1537=ORIENTED_EDGE('',*,*,#1138,.F.);
#1538=ORIENTED_EDGE('',*,*,#1139,.F.);
#1539=ORIENTED_EDGE('',*,*,#1140,.T.);
#1540=ORIENTED_EDGE('',*,*,#1139,.T.);
#1541=ORIENTED_EDGE('',*,*,#1141,.F.);
#1542=ORIENTED_EDGE('',*,*,#1142,.F.);
#1543=ORIENTED_EDGE('',*,*,#1143,.T.);
#1544=ORIENTED_EDGE('',*,*,#1142,.T.);
#1545=ORIENTED_EDGE('',*,*,#1144,.F.);
#1546=ORIENTED_EDGE('',*,*,#1145,.F.);
#1547=ORIENTED_EDGE('',*,*,#1146,.T.);
#1548=ORIENTED_EDGE('',*,*,#1145,.T.);
#1549=ORIENTED_EDGE('',*,*,#1147,.F.);
#1550=ORIENTED_EDGE('',*,*,#1148,.F.);
#1551=ORIENTED_EDGE('',*,*,#1149,.T.);
#1552=ORIENTED_EDGE('',*,*,#1148,.T.);
#1553=ORIENTED_EDGE('',*,*,#1150,.F.);
#1554=ORIENTED_EDGE('',*,*,#1151,.F.);
#1555=ORIENTED_EDGE('',*,*,#1152,.T.);
#1556=ORIENTED_EDGE('',*,*,#1151,.T.);
#1557=ORIENTED_EDGE('',*,*,#1153,.F.);
#1558=ORIENTED_EDGE('',*,*,#1154,.F.);
#1559=ORIENTED_EDGE('',*,*,#1155,.T.);
#1560=ORIENTED_EDGE('',*,*,#1154,.T.);
#1561=ORIENTED_EDGE('',*,*,#1156,.F.);
#1562=ORIENTED_EDGE('',*,*,#1134,.F.);
#1563=ORIENTED_EDGE('',*,*,#1157,.T.);
#1564=ORIENTED_EDGE('',*,*,#1158,.T.);
#1565=ORIENTED_EDGE('',*,*,#1159,.F.);
#1566=ORIENTED_EDGE('',*,*,#1160,.F.);
#1567=ORIENTED_EDGE('',*,*,#1161,.T.);
#1568=ORIENTED_EDGE('',*,*,#1160,.T.);
#1569=ORIENTED_EDGE('',*,*,#1162,.F.);
#1570=ORIENTED_EDGE('',*,*,#1163,.F.);
#1571=ORIENTED_EDGE('',*,*,#1164,.T.);
#1572=ORIENTED_EDGE('',*,*,#1163,.T.);
#1573=ORIENTED_EDGE('',*,*,#1165,.F.);
#1574=ORIENTED_EDGE('',*,*,#1166,.F.);
#1575=ORIENTED_EDGE('',*,*,#1167,.T.);
#1576=ORIENTED_EDGE('',*,*,#1166,.T.);
#1577=ORIENTED_EDGE('',*,*,#1168,.F.);
#1578=ORIENTED_EDGE('',*,*,#1169,.F.);
#1579=ORIENTED_EDGE('',*,*,#1170,.T.);
#1580=ORIENTED_EDGE('',*,*,#1169,.T.);
#1581=ORIENTED_EDGE('',*,*,#1171,.F.);
#1582=ORIENTED_EDGE('',*,*,#1172,.F.);
#1583=ORIENTED_EDGE('',*,*,#1173,.T.);
#1584=ORIENTED_EDGE('',*,*,#1172,.T.);
#1585=ORIENTED_EDGE('',*,*,#1174,.F.);
#1586=ORIENTED_EDGE('',*,*,#1175,.F.);
#1587=ORIENTED_EDGE('',*,*,#1176,.T.);
#1588=ORIENTED_EDGE('',*,*,#1175,.T.);
#1589=ORIENTED_EDGE('',*,*,#1177,.F.);
#1590=ORIENTED_EDGE('',*,*,#1178,.F.);
#1591=ORIENTED_EDGE('',*,*,#1179,.T.);
#1592=ORIENTED_EDGE('',*,*,#1178,.T.);
#1593=ORIENTED_EDGE('',*,*,#1180,.F.);
#1594=ORIENTED_EDGE('',*,*,#1158,.F.);
#1595=ORIENTED_EDGE('',*,*,#1181,.T.);
#1596=ORIENTED_EDGE('',*,*,#1182,.T.);
#1597=ORIENTED_EDGE('',*,*,#1183,.F.);
#1598=ORIENTED_EDGE('',*,*,#1184,.F.);
#1599=ORIENTED_EDGE('',*,*,#1185,.T.);
#1600=ORIENTED_EDGE('',*,*,#1184,.T.);
#1601=ORIENTED_EDGE('',*,*,#1186,.F.);
#1602=ORIENTED_EDGE('',*,*,#1187,.F.);
#1603=ORIENTED_EDGE('',*,*,#1188,.T.);
#1604=ORIENTED_EDGE('',*,*,#1187,.T.);
#1605=ORIENTED_EDGE('',*,*,#1189,.F.);
#1606=ORIENTED_EDGE('',*,*,#1190,.F.);
#1607=ORIENTED_EDGE('',*,*,#1191,.T.);
#1608=ORIENTED_EDGE('',*,*,#1190,.T.);
#1609=ORIENTED_EDGE('',*,*,#1192,.F.);
#1610=ORIENTED_EDGE('',*,*,#1193,.F.);
#1611=ORIENTED_EDGE('',*,*,#1194,.T.);
#1612=ORIENTED_EDGE('',*,*,#1193,.T.);
#1613=ORIENTED_EDGE('',*,*,#1195,.F.);
#1614=ORIENTED_EDGE('',*,*,#1196,.F.);
#1615=ORIENTED_EDGE('',*,*,#1197,.T.);
#1616=ORIENTED_EDGE('',*,*,#1196,.T.);
#1617=ORIENTED_EDGE('',*,*,#1198,.F.);
#1618=ORIENTED_EDGE('',*,*,#1199,.F.);
#1619=ORIENTED_EDGE('',*,*,#1200,.T.);
#1620=ORIENTED_EDGE('',*,*,#1199,.T.);
#1621=ORIENTED_EDGE('',*,*,#1201,.F.);
#1622=ORIENTED_EDGE('',*,*,#1202,.F.);
#1623=ORIENTED_EDGE('',*,*,#1203,.T.);
#1624=ORIENTED_EDGE('',*,*,#1202,.T.);
#1625=ORIENTED_EDGE('',*,*,#1204,.F.);
#1626=ORIENTED_EDGE('',*,*,#1182,.F.);
#1627=ORIENTED_EDGE('',*,*,#1132,.T.);
#1628=ORIENTED_EDGE('',*,*,#1129,.T.);
#1629=ORIENTED_EDGE('',*,*,#1126,.T.);
#1630=ORIENTED_EDGE('',*,*,#1123,.T.);
#1631=ORIENTED_EDGE('',*,*,#1109,.T.);
#1632=ORIENTED_EDGE('',*,*,#1112,.T.);
#1633=ORIENTED_EDGE('',*,*,#1115,.T.);
#1634=ORIENTED_EDGE('',*,*,#1118,.T.);
#1635=ORIENTED_EDGE('',*,*,#1204,.T.);
#1636=ORIENTED_EDGE('',*,*,#1201,.T.);
#1637=ORIENTED_EDGE('',*,*,#1198,.T.);
#1638=ORIENTED_EDGE('',*,*,#1195,.T.);
#1639=ORIENTED_EDGE('',*,*,#1192,.T.);
#1640=ORIENTED_EDGE('',*,*,#1189,.T.);
#1641=ORIENTED_EDGE('',*,*,#1186,.T.);
#1642=ORIENTED_EDGE('',*,*,#1183,.T.);
#1643=ORIENTED_EDGE('',*,*,#1180,.T.);
#1644=ORIENTED_EDGE('',*,*,#1177,.T.);
#1645=ORIENTED_EDGE('',*,*,#1174,.T.);
#1646=ORIENTED_EDGE('',*,*,#1171,.T.);
#1647=ORIENTED_EDGE('',*,*,#1168,.T.);
#1648=ORIENTED_EDGE('',*,*,#1165,.T.);
#1649=ORIENTED_EDGE('',*,*,#1162,.T.);
#1650=ORIENTED_EDGE('',*,*,#1159,.T.);
#1651=ORIENTED_EDGE('',*,*,#1156,.T.);
#1652=ORIENTED_EDGE('',*,*,#1153,.T.);
#1653=ORIENTED_EDGE('',*,*,#1150,.T.);
#1654=ORIENTED_EDGE('',*,*,#1147,.T.);
#1655=ORIENTED_EDGE('',*,*,#1144,.T.);
#1656=ORIENTED_EDGE('',*,*,#1141,.T.);
#1657=ORIENTED_EDGE('',*,*,#1138,.T.);
#1658=ORIENTED_EDGE('',*,*,#1135,.T.);
#1659=ORIENTED_EDGE('',*,*,#1131,.F.);
#1660=ORIENTED_EDGE('',*,*,#1121,.F.);
#1661=ORIENTED_EDGE('',*,*,#1125,.F.);
#1662=ORIENTED_EDGE('',*,*,#1128,.F.);
#1663=ORIENTED_EDGE('',*,*,#1111,.F.);
#1664=ORIENTED_EDGE('',*,*,#1114,.F.);
#1665=ORIENTED_EDGE('',*,*,#1117,.F.);
#1666=ORIENTED_EDGE('',*,*,#1120,.F.);
#1667=ORIENTED_EDGE('',*,*,#1203,.F.);
#1668=ORIENTED_EDGE('',*,*,#1181,.F.);
#1669=ORIENTED_EDGE('',*,*,#1185,.F.);
#1670=ORIENTED_EDGE('',*,*,#1188,.F.);
#1671=ORIENTED_EDGE('',*,*,#1191,.F.);
#1672=ORIENTED_EDGE('',*,*,#1194,.F.);
#1673=ORIENTED_EDGE('',*,*,#1197,.F.);
#1674=ORIENTED_EDGE('',*,*,#1200,.F.);
#1675=ORIENTED_EDGE('',*,*,#1179,.F.);
#1676=ORIENTED_EDGE('',*,*,#1157,.F.);
#1677=ORIENTED_EDGE('',*,*,#1161,.F.);
#1678=ORIENTED_EDGE('',*,*,#1164,.F.);
#1679=ORIENTED_EDGE('',*,*,#1167,.F.);
#1680=ORIENTED_EDGE('',*,*,#1170,.F.);
#1681=ORIENTED_EDGE('',*,*,#1173,.F.);
#1682=ORIENTED_EDGE('',*,*,#1176,.F.);
#1683=ORIENTED_EDGE('',*,*,#1155,.F.);
#1684=ORIENTED_EDGE('',*,*,#1133,.F.);
#1685=ORIENTED_EDGE('',*,*,#1137,.F.);
#1686=ORIENTED_EDGE('',*,*,#1140,.F.);
#1687=ORIENTED_EDGE('',*,*,#1143,.F.);
#1688=ORIENTED_EDGE('',*,*,#1146,.F.);
#1689=ORIENTED_EDGE('',*,*,#1149,.F.);
#1690=ORIENTED_EDGE('',*,*,#1152,.F.);
#1691=PLANE('',#1834);
#1692=PLANE('',#1835);
#1693=PLANE('',#1836);
#1694=PLANE('',#1837);
#1695=PLANE('',#1867);
#1696=PLANE('',#1897);
#1697=PLANE('',#1928);
#1698=PLANE('',#1929);
#1699=PLANE('',#1930);
#1700=PLANE('',#1931);
#1701=PLANE('',#1936);
#1702=PLANE('',#1937);
#1703=PLANE('',#1938);
#1704=PLANE('',#1939);
#1705=PLANE('',#1948);
#1706=PLANE('',#1949);
#1707=PLANE('',#1950);
#1708=PLANE('',#1951);
#1709=PLANE('',#1952);
#1710=PLANE('',#1953);
#1711=PLANE('',#1966);
#1712=PLANE('',#1967);
#1713=PLANE('',#1968);
#1714=PLANE('',#1969);
#1715=PLANE('',#1970);
#1716=PLANE('',#1974);
#1717=PLANE('',#1978);
#1718=PLANE('',#1982);
#1719=PLANE('',#1986);
#1720=PLANE('',#1990);
#1721=PLANE('',#1994);
#1722=PLANE('',#1998);
#1723=PLANE('',#2002);
#1724=PLANE('',#2006);
#1725=PLANE('',#2010);
#1726=PLANE('',#2014);
#1727=PLANE('',#2018);
#1728=PLANE('',#2019);
#1729=ADVANCED_FACE('',(#256),#1691,.T.);
#1730=ADVANCED_FACE('',(#257),#1692,.T.);
#1731=ADVANCED_FACE('',(#258),#1693,.T.);
#1732=ADVANCED_FACE('',(#259,#78,#79,#80,#81,#82,#83,#84,#85,#86,#87,#88,
#89,#90,#91,#92,#93,#94,#95,#96,#97,#98,#99,#100,#101,#102,#103,#104,#105,
#106),#1694,.F.);
#1733=ADVANCED_FACE('',(#260,#107,#108,#109,#110,#111,#112,#113,#114,#115,
#116,#117,#118,#119,#120,#121,#122,#123,#124,#125,#126,#127,#128,#129,#130,
#131,#132,#133,#134,#135),#1695,.T.);
#1734=ADVANCED_FACE('',(#261),#1696,.T.);
#1735=ADVANCED_FACE('',(#262),#29,.F.);
#1736=ADVANCED_FACE('',(#263),#30,.F.);
#1737=ADVANCED_FACE('',(#264),#31,.F.);
#1738=ADVANCED_FACE('',(#265),#32,.F.);
#1739=ADVANCED_FACE('',(#266),#33,.F.);
#1740=ADVANCED_FACE('',(#267),#34,.F.);
#1741=ADVANCED_FACE('',(#268),#35,.F.);
#1742=ADVANCED_FACE('',(#269),#36,.F.);
#1743=ADVANCED_FACE('',(#270),#37,.F.);
#1744=ADVANCED_FACE('',(#271),#38,.F.);
#1745=ADVANCED_FACE('',(#272),#39,.F.);
#1746=ADVANCED_FACE('',(#273),#40,.F.);
#1747=ADVANCED_FACE('',(#274),#41,.F.);
#1748=ADVANCED_FACE('',(#275),#42,.F.);
#1749=ADVANCED_FACE('',(#276),#43,.F.);
#1750=ADVANCED_FACE('',(#277),#44,.F.);
#1751=ADVANCED_FACE('',(#278),#45,.F.);
#1752=ADVANCED_FACE('',(#279),#46,.F.);
#1753=ADVANCED_FACE('',(#280),#47,.F.);
#1754=ADVANCED_FACE('',(#281),#48,.F.);
#1755=ADVANCED_FACE('',(#282),#49,.F.);
#1756=ADVANCED_FACE('',(#283),#50,.F.);
#1757=ADVANCED_FACE('',(#284),#51,.F.);
#1758=ADVANCED_FACE('',(#285),#52,.F.);
#1759=ADVANCED_FACE('',(#286),#53,.F.);
#1760=ADVANCED_FACE('',(#287),#54,.F.);
#1761=ADVANCED_FACE('',(#288),#55,.F.);
#1762=ADVANCED_FACE('',(#289),#56,.F.);
#1763=ADVANCED_FACE('',(#290),#57,.F.);
#1764=ADVANCED_FACE('',(#291),#1697,.F.);
#1765=ADVANCED_FACE('',(#292),#1698,.F.);
#1766=ADVANCED_FACE('',(#293),#1699,.F.);
#1767=ADVANCED_FACE('',(#294,#136,#137,#138,#139),#1700,.T.);
#1768=ADVANCED_FACE('',(#295),#1701,.T.);
#1769=ADVANCED_FACE('',(#296),#1702,.T.);
#1770=ADVANCED_FACE('',(#297),#1703,.T.);
#1771=ADVANCED_FACE('',(#298),#1704,.T.);
#1772=ADVANCED_FACE('',(#299),#58,.F.);
#1773=ADVANCED_FACE('',(#300),#59,.F.);
#1774=ADVANCED_FACE('',(#301),#60,.F.);
#1775=ADVANCED_FACE('',(#302),#61,.F.);
#1776=ADVANCED_FACE('',(#303),#1705,.T.);
#1777=ADVANCED_FACE('',(#304),#1706,.T.);
#1778=ADVANCED_FACE('',(#305),#1707,.T.);
#1779=ADVANCED_FACE('',(#306),#1708,.T.);
#1780=ADVANCED_FACE('',(#307),#1709,.T.);
#1781=ADVANCED_FACE('',(#308,#140,#141,#142,#143),#1710,.F.);
#1782=ADVANCED_FACE('',(#309),#62,.F.);
#1783=ADVANCED_FACE('',(#310),#63,.F.);
#1784=ADVANCED_FACE('',(#311),#64,.F.);
#1785=ADVANCED_FACE('',(#312),#65,.F.);
#1786=ADVANCED_FACE('',(#313),#1711,.T.);
#1787=ADVANCED_FACE('',(#314),#1712,.T.);
#1788=ADVANCED_FACE('',(#315),#1713,.T.);
#1789=ADVANCED_FACE('',(#316),#1714,.T.);
#1790=ADVANCED_FACE('',(#317),#1715,.T.);
#1791=ADVANCED_FACE('',(#318),#66,.F.);
#1792=ADVANCED_FACE('',(#319),#1716,.T.);
#1793=ADVANCED_FACE('',(#320),#67,.F.);
#1794=ADVANCED_FACE('',(#321),#1717,.T.);
#1795=ADVANCED_FACE('',(#322),#68,.F.);
#1796=ADVANCED_FACE('',(#323),#1718,.T.);
#1797=ADVANCED_FACE('',(#324),#69,.F.);
#1798=ADVANCED_FACE('',(#325),#1719,.T.);
#1799=ADVANCED_FACE('',(#326),#70,.F.);
#1800=ADVANCED_FACE('',(#327),#1720,.T.);
#1801=ADVANCED_FACE('',(#328),#71,.F.);
#1802=ADVANCED_FACE('',(#329),#1721,.T.);
#1803=ADVANCED_FACE('',(#330),#72,.F.);
#1804=ADVANCED_FACE('',(#331),#1722,.T.);
#1805=ADVANCED_FACE('',(#332),#73,.F.);
#1806=ADVANCED_FACE('',(#333),#1723,.T.);
#1807=ADVANCED_FACE('',(#334),#74,.F.);
#1808=ADVANCED_FACE('',(#335),#1724,.T.);
#1809=ADVANCED_FACE('',(#336),#75,.F.);
#1810=ADVANCED_FACE('',(#337),#1725,.T.);
#1811=ADVANCED_FACE('',(#338),#76,.F.);
#1812=ADVANCED_FACE('',(#339),#1726,.T.);
#1813=ADVANCED_FACE('',(#340),#77,.F.);
#1814=ADVANCED_FACE('',(#341,#144,#145,#146,#147,#148,#149,#150),#1727,
 .T.);
#1815=ADVANCED_FACE('',(#342,#151,#152,#153,#154,#155,#156,#157),#1728,
 .F.);
#1816=CLOSED_SHELL('',(#1729,#1730,#1731,#1732,#1733,#1734,#1735,#1736,
#1737,#1738,#1739,#1740,#1741,#1742,#1743,#1744,#1745,#1746,#1747,#1748,
#1749,#1750,#1751,#1752,#1753,#1754,#1755,#1756,#1757,#1758,#1759,#1760,
#1761,#1762,#1763));
#1817=CLOSED_SHELL('',(#1764,#1765,#1766,#1767,#1768,#1769,#1770,#1771,
#1772,#1773,#1774,#1775,#1776,#1777,#1778,#1779,#1780,#1781));
#1818=CLOSED_SHELL('',(#1782,#1783,#1784,#1785,#1786,#1787,#1788,#1789,
#1790,#1791,#1792,#1793,#1794,#1795,#1796,#1797,#1798,#1799,#1800,#1801,
#1802,#1803,#1804,#1805,#1806,#1807,#1808,#1809,#1810,#1811,#1812,#1813,
#1814,#1815));
#1819=DERIVED_UNIT_ELEMENT(#1821,1.);
#1820=DERIVED_UNIT_ELEMENT(#3052,-3.);
#1821=(
MASS_UNIT()
NAMED_UNIT(*)
SI_UNIT(.KILO.,.GRAM.)
);
#1822=DERIVED_UNIT((#1819,#1820));
#1823=MEASURE_REPRESENTATION_ITEM('density measure',
POSITIVE_RATIO_MEASURE(7850.),#1822);
#1824=PROPERTY_DEFINITION_REPRESENTATION(#1829,#1826);
#1825=PROPERTY_DEFINITION_REPRESENTATION(#1830,#1827);
#1826=REPRESENTATION('material name',(#1828),#3049);
#1827=REPRESENTATION('density',(#1823),#3049);
#1828=DESCRIPTIVE_REPRESENTATION_ITEM('Steel','Steel');
#1829=PROPERTY_DEFINITION('material property','material name',#3069);
#1830=PROPERTY_DEFINITION('material property','density of part',#3069);
#1831=AXIS2_PLACEMENT_3D('',#2546,#2021,#2022);
#1832=AXIS2_PLACEMENT_3D('',#2547,#2023,#2024);
#1833=AXIS2_PLACEMENT_3D('',#2548,#2025,#2026);
#1834=AXIS2_PLACEMENT_3D('',#2549,#2027,#2028);
#1835=AXIS2_PLACEMENT_3D('',#2558,#2033,#2034);
#1836=AXIS2_PLACEMENT_3D('',#2564,#2038,#2039);
#1837=AXIS2_PLACEMENT_3D('',#2570,#2043,#2044);
#1838=AXIS2_PLACEMENT_3D('',#2573,#2046,#2047);
#1839=AXIS2_PLACEMENT_3D('',#2575,#2048,#2049);
#1840=AXIS2_PLACEMENT_3D('',#2577,#2050,#2051);
#1841=AXIS2_PLACEMENT_3D('',#2579,#2052,#2053);
#1842=AXIS2_PLACEMENT_3D('',#2581,#2054,#2055);
#1843=AXIS2_PLACEMENT_3D('',#2583,#2056,#2057);
#1844=AXIS2_PLACEMENT_3D('',#2585,#2058,#2059);
#1845=AXIS2_PLACEMENT_3D('',#2587,#2060,#2061);
#1846=AXIS2_PLACEMENT_3D('',#2589,#2062,#2063);
#1847=AXIS2_PLACEMENT_3D('',#2591,#2064,#2065);
#1848=AXIS2_PLACEMENT_3D('',#2593,#2066,#2067);
#1849=AXIS2_PLACEMENT_3D('',#2595,#2068,#2069);
#1850=AXIS2_PLACEMENT_3D('',#2597,#2070,#2071);
#1851=AXIS2_PLACEMENT_3D('',#2599,#2072,#2073);
#1852=AXIS2_PLACEMENT_3D('',#2601,#2074,#2075);
#1853=AXIS2_PLACEMENT_3D('',#2603,#2076,#2077);
#1854=AXIS2_PLACEMENT_3D('',#2605,#2078,#2079);
#1855=AXIS2_PLACEMENT_3D('',#2607,#2080,#2081);
#1856=AXIS2_PLACEMENT_3D('',#2609,#2082,#2083);
#1857=AXIS2_PLACEMENT_3D('',#2611,#2084,#2085);
#1858=AXIS2_PLACEMENT_3D('',#2613,#2086,#2087);
#1859=AXIS2_PLACEMENT_3D('',#2615,#2088,#2089);
#1860=AXIS2_PLACEMENT_3D('',#2617,#2090,#2091);
#1861=AXIS2_PLACEMENT_3D('',#2619,#2092,#2093);
#1862=AXIS2_PLACEMENT_3D('',#2621,#2094,#2095);
#1863=AXIS2_PLACEMENT_3D('',#2623,#2096,#2097);
#1864=AXIS2_PLACEMENT_3D('',#2625,#2098,#2099);
#1865=AXIS2_PLACEMENT_3D('',#2627,#2100,#2101);
#1866=AXIS2_PLACEMENT_3D('',#2629,#2102,#2103);
#1867=AXIS2_PLACEMENT_3D('',#2630,#2104,#2105);
#1868=AXIS2_PLACEMENT_3D('',#2633,#2107,#2108);
#1869=AXIS2_PLACEMENT_3D('',#2635,#2109,#2110);
#1870=AXIS2_PLACEMENT_3D('',#2637,#2111,#2112);
#1871=AXIS2_PLACEMENT_3D('',#2639,#2113,#2114);
#1872=AXIS2_PLACEMENT_3D('',#2641,#2115,#2116);
#1873=AXIS2_PLACEMENT_3D('',#2643,#2117,#2118);
#1874=AXIS2_PLACEMENT_3D('',#2645,#2119,#2120);
#1875=AXIS2_PLACEMENT_3D('',#2647,#2121,#2122);
#1876=AXIS2_PLACEMENT_3D('',#2649,#2123,#2124);
#1877=AXIS2_PLACEMENT_3D('',#2651,#2125,#2126);
#1878=AXIS2_PLACEMENT_3D('',#2653,#2127,#2128);
#1879=AXIS2_PLACEMENT_3D('',#2655,#2129,#2130);
#1880=AXIS2_PLACEMENT_3D('',#2657,#2131,#2132);
#1881=AXIS2_PLACEMENT_3D('',#2659,#2133,#2134);
#1882=AXIS2_PLACEMENT_3D('',#2661,#2135,#2136);
#1883=AXIS2_PLACEMENT_3D('',#2663,#2137,#2138);
#1884=AXIS2_PLACEMENT_3D('',#2665,#2139,#2140);
#1885=AXIS2_PLACEMENT_3D('',#2667,#2141,#2142);
#1886=AXIS2_PLACEMENT_3D('',#2669,#2143,#2144);
#1887=AXIS2_PLACEMENT_3D('',#2671,#2145,#2146);
#1888=AXIS2_PLACEMENT_3D('',#2673,#2147,#2148);
#1889=AXIS2_PLACEMENT_3D('',#2675,#2149,#2150);
#1890=AXIS2_PLACEMENT_3D('',#2677,#2151,#2152);
#1891=AXIS2_PLACEMENT_3D('',#2679,#2153,#2154);
#1892=AXIS2_PLACEMENT_3D('',#2681,#2155,#2156);
#1893=AXIS2_PLACEMENT_3D('',#2683,#2157,#2158);
#1894=AXIS2_PLACEMENT_3D('',#2685,#2159,#2160);
#1895=AXIS2_PLACEMENT_3D('',#2687,#2161,#2162);
#1896=AXIS2_PLACEMENT_3D('',#2689,#2163,#2164);
#1897=AXIS2_PLACEMENT_3D('',#2690,#2165,#2166);
#1898=AXIS2_PLACEMENT_3D('',#2691,#2167,#2168);
#1899=AXIS2_PLACEMENT_3D('',#2693,#2170,#2171);
#1900=AXIS2_PLACEMENT_3D('',#2695,#2173,#2174);
#1901=AXIS2_PLACEMENT_3D('',#2697,#2176,#2177);
#1902=AXIS2_PLACEMENT_3D('',#2699,#2179,#2180);
#1903=AXIS2_PLACEMENT_3D('',#2701,#2182,#2183);
#1904=AXIS2_PLACEMENT_3D('',#2703,#2185,#2186);
#1905=AXIS2_PLACEMENT_3D('',#2705,#2188,#2189);
#1906=AXIS2_PLACEMENT_3D('',#2707,#2191,#2192);
#1907=AXIS2_PLACEMENT_3D('',#2709,#2194,#2195);
#1908=AXIS2_PLACEMENT_3D('',#2711,#2197,#2198);
#1909=AXIS2_PLACEMENT_3D('',#2713,#2200,#2201);
#1910=AXIS2_PLACEMENT_3D('',#2715,#2203,#2204);
#1911=AXIS2_PLACEMENT_3D('',#2717,#2206,#2207);
#1912=AXIS2_PLACEMENT_3D('',#2719,#2209,#2210);
#1913=AXIS2_PLACEMENT_3D('',#2721,#2212,#2213);
#1914=AXIS2_PLACEMENT_3D('',#2723,#2215,#2216);
#1915=AXIS2_PLACEMENT_3D('',#2725,#2218,#2219);
#1916=AXIS2_PLACEMENT_3D('',#2727,#2221,#2222);
#1917=AXIS2_PLACEMENT_3D('',#2729,#2224,#2225);
#1918=AXIS2_PLACEMENT_3D('',#2731,#2227,#2228);
#1919=AXIS2_PLACEMENT_3D('',#2733,#2230,#2231);
#1920=AXIS2_PLACEMENT_3D('',#2735,#2233,#2234);
#1921=AXIS2_PLACEMENT_3D('',#2737,#2236,#2237);
#1922=AXIS2_PLACEMENT_3D('',#2739,#2239,#2240);
#1923=AXIS2_PLACEMENT_3D('',#2741,#2242,#2243);
#1924=AXIS2_PLACEMENT_3D('',#2743,#2245,#2246);
#1925=AXIS2_PLACEMENT_3D('',#2745,#2248,#2249);
#1926=AXIS2_PLACEMENT_3D('',#2747,#2251,#2252);
#1927=AXIS2_PLACEMENT_3D('',#2749,#2254,#2255);
#1928=AXIS2_PLACEMENT_3D('',#2750,#2256,#2257);
#1929=AXIS2_PLACEMENT_3D('',#2759,#2262,#2263);
#1930=AXIS2_PLACEMENT_3D('',#2768,#2268,#2269);
#1931=AXIS2_PLACEMENT_3D('',#2771,#2272,#2273);
#1932=AXIS2_PLACEMENT_3D('',#2791,#2284,#2285);
#1933=AXIS2_PLACEMENT_3D('',#2793,#2286,#2287);
#1934=AXIS2_PLACEMENT_3D('',#2795,#2288,#2289);
#1935=AXIS2_PLACEMENT_3D('',#2797,#2290,#2291);
#1936=AXIS2_PLACEMENT_3D('',#2798,#2292,#2293);
#1937=AXIS2_PLACEMENT_3D('',#2804,#2297,#2298);
#1938=AXIS2_PLACEMENT_3D('',#2808,#2301,#2302);
#1939=AXIS2_PLACEMENT_3D('',#2812,#2305,#2306);
#1940=AXIS2_PLACEMENT_3D('',#2814,#2308,#2309);
#1941=AXIS2_PLACEMENT_3D('',#2817,#2311,#2312);
#1942=AXIS2_PLACEMENT_3D('',#2818,#2313,#2314);
#1943=AXIS2_PLACEMENT_3D('',#2821,#2316,#2317);
#1944=AXIS2_PLACEMENT_3D('',#2822,#2318,#2319);
#1945=AXIS2_PLACEMENT_3D('',#2825,#2321,#2322);
#1946=AXIS2_PLACEMENT_3D('',#2826,#2323,#2324);
#1947=AXIS2_PLACEMENT_3D('',#2829,#2326,#2327);
#1948=AXIS2_PLACEMENT_3D('',#2830,#2328,#2329);
#1949=AXIS2_PLACEMENT_3D('',#2836,#2333,#2334);
#1950=AXIS2_PLACEMENT_3D('',#2840,#2337,#2338);
#1951=AXIS2_PLACEMENT_3D('',#2844,#2341,#2342);
#1952=AXIS2_PLACEMENT_3D('',#2846,#2344,#2345);
#1953=AXIS2_PLACEMENT_3D('',#2847,#2346,#2347);
#1954=AXIS2_PLACEMENT_3D('',#2848,#2348,#2349);
#1955=AXIS2_PLACEMENT_3D('',#2850,#2350,#2351);
#1956=AXIS2_PLACEMENT_3D('',#2853,#2353,#2354);
#1957=AXIS2_PLACEMENT_3D('',#2854,#2355,#2356);
#1958=AXIS2_PLACEMENT_3D('',#2856,#2357,#2358);
#1959=AXIS2_PLACEMENT_3D('',#2859,#2360,#2361);
#1960=AXIS2_PLACEMENT_3D('',#2860,#2362,#2363);
#1961=AXIS2_PLACEMENT_3D('',#2862,#2364,#2365);
#1962=AXIS2_PLACEMENT_3D('',#2865,#2367,#2368);
#1963=AXIS2_PLACEMENT_3D('',#2866,#2369,#2370);
#1964=AXIS2_PLACEMENT_3D('',#2868,#2371,#2372);
#1965=AXIS2_PLACEMENT_3D('',#2871,#2374,#2375);
#1966=AXIS2_PLACEMENT_3D('',#2872,#2376,#2377);
#1967=AXIS2_PLACEMENT_3D('',#2881,#2382,#2383);
#1968=AXIS2_PLACEMENT_3D('',#2887,#2387,#2388);
#1969=AXIS2_PLACEMENT_3D('',#2893,#2392,#2393);
#1970=AXIS2_PLACEMENT_3D('',#2896,#2396,#2397);
#1971=AXIS2_PLACEMENT_3D('',#2905,#2402,#2403);
#1972=AXIS2_PLACEMENT_3D('',#2907,#2404,#2405);
#1973=AXIS2_PLACEMENT_3D('',#2909,#2406,#2407);
#1974=AXIS2_PLACEMENT_3D('',#2911,#2409,#2410);
#1975=AXIS2_PLACEMENT_3D('',#2917,#2414,#2415);
#1976=AXIS2_PLACEMENT_3D('',#2919,#2416,#2417);
#1977=AXIS2_PLACEMENT_3D('',#2921,#2418,#2419);
#1978=AXIS2_PLACEMENT_3D('',#2923,#2421,#2422);
#1979=AXIS2_PLACEMENT_3D('',#2929,#2426,#2427);
#1980=AXIS2_PLACEMENT_3D('',#2931,#2428,#2429);
#1981=AXIS2_PLACEMENT_3D('',#2933,#2430,#2431);
#1982=AXIS2_PLACEMENT_3D('',#2935,#2433,#2434);
#1983=AXIS2_PLACEMENT_3D('',#2941,#2438,#2439);
#1984=AXIS2_PLACEMENT_3D('',#2942,#2440,#2441);
#1985=AXIS2_PLACEMENT_3D('',#2943,#2442,#2443);
#1986=AXIS2_PLACEMENT_3D('',#2944,#2444,#2445);
#1987=AXIS2_PLACEMENT_3D('',#2953,#2450,#2451);
#1988=AXIS2_PLACEMENT_3D('',#2955,#2452,#2453);
#1989=AXIS2_PLACEMENT_3D('',#2957,#2454,#2455);
#1990=AXIS2_PLACEMENT_3D('',#2959,#2457,#2458);
#1991=AXIS2_PLACEMENT_3D('',#2965,#2462,#2463);
#1992=AXIS2_PLACEMENT_3D('',#2967,#2464,#2465);
#1993=AXIS2_PLACEMENT_3D('',#2969,#2466,#2467);
#1994=AXIS2_PLACEMENT_3D('',#2971,#2469,#2470);
#1995=AXIS2_PLACEMENT_3D('',#2977,#2474,#2475);
#1996=AXIS2_PLACEMENT_3D('',#2979,#2476,#2477);
#1997=AXIS2_PLACEMENT_3D('',#2981,#2478,#2479);
#1998=AXIS2_PLACEMENT_3D('',#2983,#2481,#2482);
#1999=AXIS2_PLACEMENT_3D('',#2989,#2486,#2487);
#2000=AXIS2_PLACEMENT_3D('',#2990,#2488,#2489);
#2001=AXIS2_PLACEMENT_3D('',#2991,#2490,#2491);
#2002=AXIS2_PLACEMENT_3D('',#2992,#2492,#2493);
#2003=AXIS2_PLACEMENT_3D('',#3001,#2498,#2499);
#2004=AXIS2_PLACEMENT_3D('',#3003,#2500,#2501);
#2005=AXIS2_PLACEMENT_3D('',#3005,#2502,#2503);
#2006=AXIS2_PLACEMENT_3D('',#3007,#2505,#2506);
#2007=AXIS2_PLACEMENT_3D('',#3013,#2510,#2511);
#2008=AXIS2_PLACEMENT_3D('',#3015,#2512,#2513);
#2009=AXIS2_PLACEMENT_3D('',#3017,#2514,#2515);
#2010=AXIS2_PLACEMENT_3D('',#3019,#2517,#2518);
#2011=AXIS2_PLACEMENT_3D('',#3025,#2522,#2523);
#2012=AXIS2_PLACEMENT_3D('',#3027,#2524,#2525);
#2013=AXIS2_PLACEMENT_3D('',#3029,#2526,#2527);
#2014=AXIS2_PLACEMENT_3D('',#3031,#2529,#2530);
#2015=AXIS2_PLACEMENT_3D('',#3037,#2534,#2535);
#2016=AXIS2_PLACEMENT_3D('',#3038,#2536,#2537);
#2017=AXIS2_PLACEMENT_3D('',#3039,#2538,#2539);
#2018=AXIS2_PLACEMENT_3D('',#3040,#2540,#2541);
#2019=AXIS2_PLACEMENT_3D('',#3041,#2542,#2543);
#2020=AXIS2_PLACEMENT_3D('',#3042,#2544,#2545);
#2021=DIRECTION('axis',(0.,0.,1.));
#2022=DIRECTION('refdir',(1.,0.,0.));
#2023=DIRECTION('axis',(0.,0.,1.));
#2024=DIRECTION('refdir',(1.,0.,0.));
#2025=DIRECTION('axis',(0.,0.,1.));
#2026=DIRECTION('refdir',(1.,0.,0.));
#2027=DIRECTION('center_axis',(0.,-1.,0.));
#2028=DIRECTION('ref_axis',(-1.,0.,0.));
#2029=DIRECTION('',(0.,0.,1.));
#2030=DIRECTION('',(-1.,0.,0.));
#2031=DIRECTION('',(0.,0.,1.));
#2032=DIRECTION('',(-1.,0.,0.));
#2033=DIRECTION('center_axis',(1.,0.,0.));
#2034=DIRECTION('ref_axis',(0.,-1.,0.));
#2035=DIRECTION('',(0.,0.,1.));
#2036=DIRECTION('',(0.,-1.,0.));
#2037=DIRECTION('',(0.,-1.,0.));
#2038=DIRECTION('center_axis',(-1.,0.,0.));
#2039=DIRECTION('ref_axis',(0.,1.,0.));
#2040=DIRECTION('',(0.,1.,0.));
#2041=DIRECTION('',(0.,0.,1.));
#2042=DIRECTION('',(0.,1.,0.));
#2043=DIRECTION('center_axis',(0.,0.,1.));
#2044=DIRECTION('ref_axis',(1.,0.,0.));
#2045=DIRECTION('',(1.,0.,0.));
#2046=DIRECTION('center_axis',(0.,0.,-1.));
#2047=DIRECTION('ref_axis',(-3.343730521224E-14,-1.,0.));
#2048=DIRECTION('center_axis',(0.,0.,-1.));
#2049=DIRECTION('ref_axis',(0.,-1.,0.));
#2050=DIRECTION('center_axis',(0.,0.,-1.));
#2051=DIRECTION('ref_axis',(0.,-1.,0.));
#2052=DIRECTION('center_axis',(0.,0.,-1.));
#2053=DIRECTION('ref_axis',(0.,-1.,0.));
#2054=DIRECTION('center_axis',(0.,0.,-1.));
#2055=DIRECTION('ref_axis',(0.,-1.,0.));
#2056=DIRECTION('center_axis',(0.,0.,-1.));
#2057=DIRECTION('ref_axis',(0.,-1.,0.));
#2058=DIRECTION('center_axis',(0.,0.,-1.));
#2059=DIRECTION('ref_axis',(0.,-1.,0.));
#2060=DIRECTION('center_axis',(0.,0.,-1.));
#2061=DIRECTION('ref_axis',(0.,-1.,0.));
#2062=DIRECTION('center_axis',(0.,0.,-1.));
#2063=DIRECTION('ref_axis',(0.,-1.,0.));
#2064=DIRECTION('center_axis',(0.,0.,-1.));
#2065=DIRECTION('ref_axis',(0.,-1.,0.));
#2066=DIRECTION('center_axis',(0.,0.,-1.));
#2067=DIRECTION('ref_axis',(0.,-1.,0.));
#2068=DIRECTION('center_axis',(0.,0.,-1.));
#2069=DIRECTION('ref_axis',(0.,-1.,0.));
#2070=DIRECTION('center_axis',(0.,0.,-1.));
#2071=DIRECTION('ref_axis',(0.,-1.,0.));
#2072=DIRECTION('center_axis',(0.,0.,-1.));
#2073=DIRECTION('ref_axis',(0.,-1.,0.));
#2074=DIRECTION('center_axis',(0.,0.,-1.));
#2075=DIRECTION('ref_axis',(0.,-1.,0.));
#2076=DIRECTION('center_axis',(0.,0.,-1.));
#2077=DIRECTION('ref_axis',(0.,-1.,0.));
#2078=DIRECTION('center_axis',(0.,0.,-1.));
#2079=DIRECTION('ref_axis',(0.,-1.,0.));
#2080=DIRECTION('center_axis',(0.,0.,-1.));
#2081=DIRECTION('ref_axis',(0.,-1.,0.));
#2082=DIRECTION('center_axis',(0.,0.,-1.));
#2083=DIRECTION('ref_axis',(0.,-1.,0.));
#2084=DIRECTION('center_axis',(0.,0.,-1.));
#2085=DIRECTION('ref_axis',(0.,-1.,0.));
#2086=DIRECTION('center_axis',(0.,0.,-1.));
#2087=DIRECTION('ref_axis',(0.,-1.,0.));
#2088=DIRECTION('center_axis',(0.,0.,-1.));
#2089=DIRECTION('ref_axis',(0.,-1.,0.));
#2090=DIRECTION('center_axis',(0.,0.,-1.));
#2091=DIRECTION('ref_axis',(0.,-1.,0.));
#2092=DIRECTION('center_axis',(0.,0.,-1.));
#2093=DIRECTION('ref_axis',(0.,-1.,0.));
#2094=DIRECTION('center_axis',(0.,0.,-1.));
#2095=DIRECTION('ref_axis',(0.,-1.,0.));
#2096=DIRECTION('center_axis',(0.,0.,-1.));
#2097=DIRECTION('ref_axis',(0.,-1.,0.));
#2098=DIRECTION('center_axis',(0.,0.,-1.));
#2099=DIRECTION('ref_axis',(0.,-1.,0.));
#2100=DIRECTION('center_axis',(0.,0.,-1.));
#2101=DIRECTION('ref_axis',(0.,-1.,0.));
#2102=DIRECTION('center_axis',(0.,0.,-1.));
#2103=DIRECTION('ref_axis',(0.,-1.,0.));
#2104=DIRECTION('center_axis',(0.,0.,1.));
#2105=DIRECTION('ref_axis',(1.,0.,0.));
#2106=DIRECTION('',(1.,0.,0.));
#2107=DIRECTION('center_axis',(0.,0.,-1.));
#2108=DIRECTION('ref_axis',(-3.343730521224E-14,-1.,0.));
#2109=DIRECTION('center_axis',(0.,0.,-1.));
#2110=DIRECTION('ref_axis',(0.,-1.,0.));
#2111=DIRECTION('center_axis',(0.,0.,-1.));
#2112=DIRECTION('ref_axis',(0.,-1.,0.));
#2113=DIRECTION('center_axis',(0.,0.,-1.));
#2114=DIRECTION('ref_axis',(0.,-1.,0.));
#2115=DIRECTION('center_axis',(0.,0.,-1.));
#2116=DIRECTION('ref_axis',(0.,-1.,0.));
#2117=DIRECTION('center_axis',(0.,0.,-1.));
#2118=DIRECTION('ref_axis',(0.,-1.,0.));
#2119=DIRECTION('center_axis',(0.,0.,-1.));
#2120=DIRECTION('ref_axis',(0.,-1.,0.));
#2121=DIRECTION('center_axis',(0.,0.,-1.));
#2122=DIRECTION('ref_axis',(0.,-1.,0.));
#2123=DIRECTION('center_axis',(0.,0.,-1.));
#2124=DIRECTION('ref_axis',(0.,-1.,0.));
#2125=DIRECTION('center_axis',(0.,0.,-1.));
#2126=DIRECTION('ref_axis',(0.,-1.,0.));
#2127=DIRECTION('center_axis',(0.,0.,-1.));
#2128=DIRECTION('ref_axis',(0.,-1.,0.));
#2129=DIRECTION('center_axis',(0.,0.,-1.));
#2130=DIRECTION('ref_axis',(0.,-1.,0.));
#2131=DIRECTION('center_axis',(0.,0.,-1.));
#2132=DIRECTION('ref_axis',(0.,-1.,0.));
#2133=DIRECTION('center_axis',(0.,0.,-1.));
#2134=DIRECTION('ref_axis',(0.,-1.,0.));
#2135=DIRECTION('center_axis',(0.,0.,-1.));
#2136=DIRECTION('ref_axis',(0.,-1.,0.));
#2137=DIRECTION('center_axis',(0.,0.,-1.));
#2138=DIRECTION('ref_axis',(0.,-1.,0.));
#2139=DIRECTION('center_axis',(0.,0.,-1.));
#2140=DIRECTION('ref_axis',(0.,-1.,0.));
#2141=DIRECTION('center_axis',(0.,0.,-1.));
#2142=DIRECTION('ref_axis',(0.,-1.,0.));
#2143=DIRECTION('center_axis',(0.,0.,-1.));
#2144=DIRECTION('ref_axis',(0.,-1.,0.));
#2145=DIRECTION('center_axis',(0.,0.,-1.));
#2146=DIRECTION('ref_axis',(0.,-1.,0.));
#2147=DIRECTION('center_axis',(0.,0.,-1.));
#2148=DIRECTION('ref_axis',(0.,-1.,0.));
#2149=DIRECTION('center_axis',(0.,0.,-1.));
#2150=DIRECTION('ref_axis',(0.,-1.,0.));
#2151=DIRECTION('center_axis',(0.,0.,-1.));
#2152=DIRECTION('ref_axis',(0.,-1.,0.));
#2153=DIRECTION('center_axis',(0.,0.,-1.));
#2154=DIRECTION('ref_axis',(0.,-1.,0.));
#2155=DIRECTION('center_axis',(0.,0.,-1.));
#2156=DIRECTION('ref_axis',(0.,-1.,0.));
#2157=DIRECTION('center_axis',(0.,0.,-1.));
#2158=DIRECTION('ref_axis',(0.,-1.,0.));
#2159=DIRECTION('center_axis',(0.,0.,-1.));
#2160=DIRECTION('ref_axis',(0.,-1.,0.));
#2161=DIRECTION('center_axis',(0.,0.,-1.));
#2162=DIRECTION('ref_axis',(0.,-1.,0.));
#2163=DIRECTION('center_axis',(0.,0.,-1.));
#2164=DIRECTION('ref_axis',(0.,-1.,0.));
#2165=DIRECTION('center_axis',(0.,1.,0.));
#2166=DIRECTION('ref_axis',(1.,0.,0.));
#2167=DIRECTION('center_axis',(0.,0.,-1.));
#2168=DIRECTION('ref_axis',(-3.343730521224E-14,-1.,0.));
#2169=DIRECTION('',(0.,0.,-1.));
#2170=DIRECTION('center_axis',(0.,0.,-1.));
#2171=DIRECTION('ref_axis',(0.,-1.,0.));
#2172=DIRECTION('',(0.,0.,-1.));
#2173=DIRECTION('center_axis',(0.,0.,-1.));
#2174=DIRECTION('ref_axis',(0.,-1.,0.));
#2175=DIRECTION('',(0.,0.,-1.));
#2176=DIRECTION('center_axis',(0.,0.,-1.));
#2177=DIRECTION('ref_axis',(0.,-1.,0.));
#2178=DIRECTION('',(0.,0.,-1.));
#2179=DIRECTION('center_axis',(0.,0.,-1.));
#2180=DIRECTION('ref_axis',(0.,-1.,0.));
#2181=DIRECTION('',(0.,0.,-1.));
#2182=DIRECTION('center_axis',(0.,0.,-1.));
#2183=DIRECTION('ref_axis',(0.,-1.,0.));
#2184=DIRECTION('',(0.,0.,-1.));
#2185=DIRECTION('center_axis',(0.,0.,-1.));
#2186=DIRECTION('ref_axis',(0.,-1.,0.));
#2187=DIRECTION('',(0.,0.,-1.));
#2188=DIRECTION('center_axis',(0.,0.,-1.));
#2189=DIRECTION('ref_axis',(0.,-1.,0.));
#2190=DIRECTION('',(0.,0.,-1.));
#2191=DIRECTION('center_axis',(0.,0.,-1.));
#2192=DIRECTION('ref_axis',(0.,-1.,0.));
#2193=DIRECTION('',(0.,0.,-1.));
#2194=DIRECTION('center_axis',(0.,0.,-1.));
#2195=DIRECTION('ref_axis',(0.,-1.,0.));
#2196=DIRECTION('',(0.,0.,-1.));
#2197=DIRECTION('center_axis',(0.,0.,-1.));
#2198=DIRECTION('ref_axis',(0.,-1.,0.));
#2199=DIRECTION('',(0.,0.,-1.));
#2200=DIRECTION('center_axis',(0.,0.,-1.));
#2201=DIRECTION('ref_axis',(0.,-1.,0.));
#2202=DIRECTION('',(0.,0.,-1.));
#2203=DIRECTION('center_axis',(0.,0.,-1.));
#2204=DIRECTION('ref_axis',(0.,-1.,0.));
#2205=DIRECTION('',(0.,0.,-1.));
#2206=DIRECTION('center_axis',(0.,0.,-1.));
#2207=DIRECTION('ref_axis',(0.,-1.,0.));
#2208=DIRECTION('',(0.,0.,-1.));
#2209=DIRECTION('center_axis',(0.,0.,-1.));
#2210=DIRECTION('ref_axis',(0.,-1.,0.));
#2211=DIRECTION('',(0.,0.,-1.));
#2212=DIRECTION('center_axis',(0.,0.,-1.));
#2213=DIRECTION('ref_axis',(0.,-1.,0.));
#2214=DIRECTION('',(0.,0.,-1.));
#2215=DIRECTION('center_axis',(0.,0.,-1.));
#2216=DIRECTION('ref_axis',(0.,-1.,0.));
#2217=DIRECTION('',(0.,0.,-1.));
#2218=DIRECTION('center_axis',(0.,0.,-1.));
#2219=DIRECTION('ref_axis',(0.,-1.,0.));
#2220=DIRECTION('',(0.,0.,-1.));
#2221=DIRECTION('center_axis',(0.,0.,-1.));
#2222=DIRECTION('ref_axis',(0.,-1.,0.));
#2223=DIRECTION('',(0.,0.,-1.));
#2224=DIRECTION('center_axis',(0.,0.,-1.));
#2225=DIRECTION('ref_axis',(0.,-1.,0.));
#2226=DIRECTION('',(0.,0.,-1.));
#2227=DIRECTION('center_axis',(0.,0.,-1.));
#2228=DIRECTION('ref_axis',(0.,-1.,0.));
#2229=DIRECTION('',(0.,0.,-1.));
#2230=DIRECTION('center_axis',(0.,0.,-1.));
#2231=DIRECTION('ref_axis',(0.,-1.,0.));
#2232=DIRECTION('',(0.,0.,-1.));
#2233=DIRECTION('center_axis',(0.,0.,-1.));
#2234=DIRECTION('ref_axis',(0.,-1.,0.));
#2235=DIRECTION('',(0.,0.,-1.));
#2236=DIRECTION('center_axis',(0.,0.,-1.));
#2237=DIRECTION('ref_axis',(0.,-1.,0.));
#2238=DIRECTION('',(0.,0.,-1.));
#2239=DIRECTION('center_axis',(0.,0.,-1.));
#2240=DIRECTION('ref_axis',(0.,-1.,0.));
#2241=DIRECTION('',(0.,0.,-1.));
#2242=DIRECTION('center_axis',(0.,0.,-1.));
#2243=DIRECTION('ref_axis',(0.,-1.,0.));
#2244=DIRECTION('',(0.,0.,-1.));
#2245=DIRECTION('center_axis',(0.,0.,-1.));
#2246=DIRECTION('ref_axis',(0.,-1.,0.));
#2247=DIRECTION('',(0.,0.,-1.));
#2248=DIRECTION('center_axis',(0.,0.,-1.));
#2249=DIRECTION('ref_axis',(0.,-1.,0.));
#2250=DIRECTION('',(0.,0.,-1.));
#2251=DIRECTION('center_axis',(0.,0.,-1.));
#2252=DIRECTION('ref_axis',(0.,-1.,0.));
#2253=DIRECTION('',(0.,0.,-1.));
#2254=DIRECTION('',(0.,0.,1.));
#2255=DIRECTION('',(1.,0.,0.));
#2256=DIRECTION('center_axis',(-1.,0.,0.));
#2257=DIRECTION('ref_axis',(0.,0.,-1.));
#2258=DIRECTION('',(0.,0.,-1.));
#2259=DIRECTION('',(0.,1.,0.));
#2260=DIRECTION('',(0.,0.,1.));
#2261=DIRECTION('',(0.,-1.,0.));
#2262=DIRECTION('center_axis',(1.,0.,0.));
#2263=DIRECTION('ref_axis',(0.,0.,1.));
#2264=DIRECTION('',(0.,0.,1.));
#2265=DIRECTION('',(0.,-1.,0.));
#2266=DIRECTION('',(0.,0.,-1.));
#2267=DIRECTION('',(0.,-1.,0.));
#2268=DIRECTION('center_axis',(0.,0.,-1.));
#2269=DIRECTION('ref_axis',(1.,0.,0.));
#2270=DIRECTION('',(1.,0.,0.));
#2271=DIRECTION('',(-1.,0.,0.));
#2272=DIRECTION('center_axis',(0.,0.,1.));
#2273=DIRECTION('ref_axis',(1.,0.,0.));
#2274=DIRECTION('',(1.,0.,0.));
#2275=DIRECTION('',(0.,-1.,0.));
#2276=DIRECTION('',(-1.,0.,0.));
#2277=DIRECTION('',(0.,1.,0.));
#2278=DIRECTION('',(1.,0.,0.));
#2279=DIRECTION('',(-1.,0.,0.));
#2280=DIRECTION('',(0.,-1.,0.));
#2281=DIRECTION('',(1.,0.,0.));
#2282=DIRECTION('',(0.,1.,0.));
#2283=DIRECTION('',(-1.,0.,0.));
#2284=DIRECTION('center_axis',(0.,0.,-1.));
#2285=DIRECTION('ref_axis',(1.,0.,0.));
#2286=DIRECTION('center_axis',(0.,0.,-1.));
#2287=DIRECTION('ref_axis',(1.,0.,0.));
#2288=DIRECTION('center_axis',(0.,0.,-1.));
#2289=DIRECTION('ref_axis',(1.,0.,0.));
#2290=DIRECTION('center_axis',(0.,0.,-1.));
#2291=DIRECTION('ref_axis',(1.,0.,0.));
#2292=DIRECTION('center_axis',(0.,-1.,0.));
#2293=DIRECTION('ref_axis',(1.,0.,0.));
#2294=DIRECTION('',(0.,0.,1.));
#2295=DIRECTION('',(-1.,0.,0.));
#2296=DIRECTION('',(0.,0.,1.));
#2297=DIRECTION('center_axis',(-1.,0.,0.));
#2298=DIRECTION('ref_axis',(0.,-1.,0.));
#2299=DIRECTION('',(0.,1.,0.));
#2300=DIRECTION('',(0.,0.,1.));
#2301=DIRECTION('center_axis',(0.,1.,0.));
#2302=DIRECTION('ref_axis',(-1.,0.,0.));
#2303=DIRECTION('',(1.,0.,0.));
#2304=DIRECTION('',(0.,0.,1.));
#2305=DIRECTION('center_axis',(1.,0.,0.));
#2306=DIRECTION('ref_axis',(0.,1.,0.));
#2307=DIRECTION('',(0.,-1.,0.));
#2308=DIRECTION('center_axis',(0.,0.,1.));
#2309=DIRECTION('ref_axis',(1.,0.,0.));
#2310=DIRECTION('',(0.,0.,-1.));
#2311=DIRECTION('center_axis',(0.,0.,-1.));
#2312=DIRECTION('ref_axis',(1.,0.,0.));
#2313=DIRECTION('center_axis',(0.,0.,1.));
#2314=DIRECTION('ref_axis',(1.,0.,0.));
#2315=DIRECTION('',(0.,0.,-1.));
#2316=DIRECTION('center_axis',(0.,0.,-1.));
#2317=DIRECTION('ref_axis',(1.,0.,0.));
#2318=DIRECTION('center_axis',(0.,0.,1.));
#2319=DIRECTION('ref_axis',(1.,0.,0.));
#2320=DIRECTION('',(0.,0.,-1.));
#2321=DIRECTION('center_axis',(0.,0.,-1.));
#2322=DIRECTION('ref_axis',(1.,0.,0.));
#2323=DIRECTION('center_axis',(0.,0.,1.));
#2324=DIRECTION('ref_axis',(1.,0.,0.));
#2325=DIRECTION('',(0.,0.,-1.));
#2326=DIRECTION('center_axis',(0.,0.,-1.));
#2327=DIRECTION('ref_axis',(1.,0.,0.));
#2328=DIRECTION('center_axis',(1.,0.,0.));
#2329=DIRECTION('ref_axis',(0.,1.,0.));
#2330=DIRECTION('',(0.,-1.,0.));
#2331=DIRECTION('',(0.,0.,1.));
#2332=DIRECTION('',(0.,0.,1.));
#2333=DIRECTION('center_axis',(0.,-1.,0.));
#2334=DIRECTION('ref_axis',(1.,0.,0.));
#2335=DIRECTION('',(-1.,0.,0.));
#2336=DIRECTION('',(0.,0.,1.));
#2337=DIRECTION('center_axis',(-1.,0.,0.));
#2338=DIRECTION('ref_axis',(0.,-1.,0.));
#2339=DIRECTION('',(0.,1.,0.));
#2340=DIRECTION('',(0.,0.,1.));
#2341=DIRECTION('center_axis',(0.,1.,0.));
#2342=DIRECTION('ref_axis',(-1.,0.,0.));
#2343=DIRECTION('',(1.,0.,0.));
#2344=DIRECTION('center_axis',(0.,0.,1.));
#2345=DIRECTION('ref_axis',(1.,0.,0.));
#2346=DIRECTION('center_axis',(0.,0.,1.));
#2347=DIRECTION('ref_axis',(1.,0.,0.));
#2348=DIRECTION('center_axis',(0.,0.,1.));
#2349=DIRECTION('ref_axis',(1.,0.,0.));
#2350=DIRECTION('center_axis',(0.,0.,-1.));
#2351=DIRECTION('ref_axis',(1.,0.,0.));
#2352=DIRECTION('',(0.,0.,-1.));
#2353=DIRECTION('center_axis',(0.,0.,-1.));
#2354=DIRECTION('ref_axis',(1.,0.,0.));
#2355=DIRECTION('center_axis',(0.,0.,1.));
#2356=DIRECTION('ref_axis',(1.,0.,0.));
#2357=DIRECTION('center_axis',(0.,0.,-1.));
#2358=DIRECTION('ref_axis',(1.,0.,0.));
#2359=DIRECTION('',(0.,0.,-1.));
#2360=DIRECTION('center_axis',(0.,0.,-1.));
#2361=DIRECTION('ref_axis',(1.,0.,0.));
#2362=DIRECTION('center_axis',(0.,0.,1.));
#2363=DIRECTION('ref_axis',(1.,0.,0.));
#2364=DIRECTION('center_axis',(0.,0.,-1.));
#2365=DIRECTION('ref_axis',(1.,0.,0.));
#2366=DIRECTION('',(0.,0.,-1.));
#2367=DIRECTION('center_axis',(0.,0.,-1.));
#2368=DIRECTION('ref_axis',(1.,0.,0.));
#2369=DIRECTION('center_axis',(0.,0.,1.));
#2370=DIRECTION('ref_axis',(1.,0.,0.));
#2371=DIRECTION('center_axis',(0.,0.,-1.));
#2372=DIRECTION('ref_axis',(1.,0.,0.));
#2373=DIRECTION('',(0.,0.,-1.));
#2374=DIRECTION('center_axis',(0.,0.,-1.));
#2375=DIRECTION('ref_axis',(1.,0.,0.));
#2376=DIRECTION('center_axis',(1.,0.,0.));
#2377=DIRECTION('ref_axis',(0.,1.,0.));
#2378=DIRECTION('',(0.,1.,0.));
#2379=DIRECTION('',(0.,0.,1.));
#2380=DIRECTION('',(0.,1.,0.));
#2381=DIRECTION('',(0.,0.,1.));
#2382=DIRECTION('center_axis',(0.,-1.,0.));
#2383=DIRECTION('ref_axis',(1.,0.,0.));
#2384=DIRECTION('',(1.,0.,0.));
#2385=DIRECTION('',(1.,0.,0.));
#2386=DIRECTION('',(0.,0.,1.));
#2387=DIRECTION('center_axis',(-1.,0.,0.));
#2388=DIRECTION('ref_axis',(0.,-1.,0.));
#2389=DIRECTION('',(0.,-1.,0.));
#2390=DIRECTION('',(0.,-1.,0.));
#2391=DIRECTION('',(0.,0.,1.));
#2392=DIRECTION('center_axis',(0.,1.,0.));
#2393=DIRECTION('ref_axis',(-1.,0.,0.));
#2394=DIRECTION('',(-1.,0.,0.));
#2395=DIRECTION('',(-1.,0.,0.));
#2396=DIRECTION('center_axis',(-3.41607084500051E-16,-1.,0.));
#2397=DIRECTION('ref_axis',(1.,-3.41607084500051E-16,0.));
#2398=DIRECTION('',(1.,-3.41607084500051E-16,0.));
#2399=DIRECTION('',(0.,0.,1.));
#2400=DIRECTION('',(1.,-3.41607084500051E-16,0.));
#2401=DIRECTION('',(0.,0.,1.));
#2402=DIRECTION('center_axis',(0.,0.,1.));
#2403=DIRECTION('ref_axis',(0.,1.,0.));
#2404=DIRECTION('center_axis',(0.,0.,-1.));
#2405=DIRECTION('ref_axis',(0.,1.,0.));
#2406=DIRECTION('center_axis',(0.,0.,-1.));
#2407=DIRECTION('ref_axis',(0.,1.,0.));
#2408=DIRECTION('',(0.,0.,1.));
#2409=DIRECTION('center_axis',(1.,-6.83214169000101E-16,0.));
#2410=DIRECTION('ref_axis',(6.83214169000101E-16,1.,0.));
#2411=DIRECTION('',(6.83214169000101E-16,1.,0.));
#2412=DIRECTION('',(6.83214169000101E-16,1.,0.));
#2413=DIRECTION('',(0.,0.,1.));
#2414=DIRECTION('center_axis',(0.,0.,1.));
#2415=DIRECTION('ref_axis',(-1.,0.,0.));
#2416=DIRECTION('center_axis',(0.,0.,-1.));
#2417=DIRECTION('ref_axis',(-1.,0.,0.));
#2418=DIRECTION('center_axis',(0.,0.,-1.));
#2419=DIRECTION('ref_axis',(-1.,0.,0.));
#2420=DIRECTION('',(0.,0.,1.));
#2421=DIRECTION('center_axis',(3.41607084500051E-16,1.,0.));
#2422=DIRECTION('ref_axis',(-1.,3.41607084500051E-16,0.));
#2423=DIRECTION('',(-1.,3.41607084500051E-16,0.));
#2424=DIRECTION('',(-1.,3.41607084500051E-16,0.));
#2425=DIRECTION('',(0.,0.,1.));
#2426=DIRECTION('center_axis',(0.,0.,1.));
#2427=DIRECTION('ref_axis',(0.,-1.,0.));
#2428=DIRECTION('center_axis',(0.,0.,-1.));
#2429=DIRECTION('ref_axis',(0.,-1.,0.));
#2430=DIRECTION('center_axis',(0.,0.,-1.));
#2431=DIRECTION('ref_axis',(0.,-1.,0.));
#2432=DIRECTION('',(0.,0.,1.));
#2433=DIRECTION('center_axis',(-1.,6.83214169000101E-16,0.));
#2434=DIRECTION('ref_axis',(-6.83214169000101E-16,-1.,0.));
#2435=DIRECTION('',(-6.83214169000101E-16,-1.,0.));
#2436=DIRECTION('',(-6.83214169000101E-16,-1.,0.));
#2437=DIRECTION('',(0.,0.,1.));
#2438=DIRECTION('center_axis',(0.,0.,1.));
#2439=DIRECTION('ref_axis',(1.,0.,0.));
#2440=DIRECTION('center_axis',(0.,0.,-1.));
#2441=DIRECTION('ref_axis',(1.,0.,0.));
#2442=DIRECTION('center_axis',(0.,0.,-1.));
#2443=DIRECTION('ref_axis',(1.,0.,0.));
#2444=DIRECTION('center_axis',(-3.41607084500051E-16,-1.,0.));
#2445=DIRECTION('ref_axis',(1.,-3.41607084500051E-16,0.));
#2446=DIRECTION('',(1.,-3.41607084500051E-16,0.));
#2447=DIRECTION('',(0.,0.,1.));
#2448=DIRECTION('',(1.,-3.41607084500051E-16,0.));
#2449=DIRECTION('',(0.,0.,1.));
#2450=DIRECTION('center_axis',(0.,0.,1.));
#2451=DIRECTION('ref_axis',(0.,1.,0.));
#2452=DIRECTION('center_axis',(0.,0.,-1.));
#2453=DIRECTION('ref_axis',(0.,1.,0.));
#2454=DIRECTION('center_axis',(0.,0.,-1.));
#2455=DIRECTION('ref_axis',(0.,1.,0.));
#2456=DIRECTION('',(0.,0.,1.));
#2457=DIRECTION('center_axis',(1.,-6.83214169000101E-16,0.));
#2458=DIRECTION('ref_axis',(6.83214169000101E-16,1.,0.));
#2459=DIRECTION('',(6.83214169000101E-16,1.,0.));
#2460=DIRECTION('',(6.83214169000101E-16,1.,0.));
#2461=DIRECTION('',(0.,0.,1.));
#2462=DIRECTION('center_axis',(0.,0.,1.));
#2463=DIRECTION('ref_axis',(-1.,0.,0.));
#2464=DIRECTION('center_axis',(0.,0.,-1.));
#2465=DIRECTION('ref_axis',(-1.,0.,0.));
#2466=DIRECTION('center_axis',(0.,0.,-1.));
#2467=DIRECTION('ref_axis',(-1.,0.,0.));
#2468=DIRECTION('',(0.,0.,1.));
#2469=DIRECTION('center_axis',(3.41607084500051E-16,1.,0.));
#2470=DIRECTION('ref_axis',(-1.,3.41607084500051E-16,0.));
#2471=DIRECTION('',(-1.,3.41607084500051E-16,0.));
#2472=DIRECTION('',(-1.,3.41607084500051E-16,0.));
#2473=DIRECTION('',(0.,0.,1.));
#2474=DIRECTION('center_axis',(0.,0.,1.));
#2475=DIRECTION('ref_axis',(0.,-1.,0.));
#2476=DIRECTION('center_axis',(0.,0.,-1.));
#2477=DIRECTION('ref_axis',(0.,-1.,0.));
#2478=DIRECTION('center_axis',(0.,0.,-1.));
#2479=DIRECTION('ref_axis',(0.,-1.,0.));
#2480=DIRECTION('',(0.,0.,1.));
#2481=DIRECTION('center_axis',(-1.,0.,0.));
#2482=DIRECTION('ref_axis',(0.,-1.,0.));
#2483=DIRECTION('',(0.,-1.,0.));
#2484=DIRECTION('',(0.,-1.,0.));
#2485=DIRECTION('',(0.,0.,1.));
#2486=DIRECTION('center_axis',(0.,0.,1.));
#2487=DIRECTION('ref_axis',(1.,-2.22044604925032E-15,0.));
#2488=DIRECTION('center_axis',(0.,0.,-1.));
#2489=DIRECTION('ref_axis',(1.,-2.22044604925032E-15,0.));
#2490=DIRECTION('center_axis',(0.,0.,-1.));
#2491=DIRECTION('ref_axis',(1.,-2.22044604925032E-15,0.));
#2492=DIRECTION('center_axis',(-3.41607084500051E-16,-1.,0.));
#2493=DIRECTION('ref_axis',(1.,-3.41607084500051E-16,0.));
#2494=DIRECTION('',(1.,-3.41607084500051E-16,0.));
#2495=DIRECTION('',(0.,0.,1.));
#2496=DIRECTION('',(1.,-3.41607084500051E-16,0.));
#2497=DIRECTION('',(0.,0.,1.));
#2498=DIRECTION('center_axis',(0.,0.,1.));
#2499=DIRECTION('ref_axis',(0.,1.,0.));
#2500=DIRECTION('center_axis',(0.,0.,-1.));
#2501=DIRECTION('ref_axis',(0.,1.,0.));
#2502=DIRECTION('center_axis',(0.,0.,-1.));
#2503=DIRECTION('ref_axis',(0.,1.,0.));
#2504=DIRECTION('',(0.,0.,1.));
#2505=DIRECTION('center_axis',(1.,0.,0.));
#2506=DIRECTION('ref_axis',(0.,1.,0.));
#2507=DIRECTION('',(0.,1.,0.));
#2508=DIRECTION('',(0.,1.,0.));
#2509=DIRECTION('',(0.,0.,1.));
#2510=DIRECTION('center_axis',(0.,0.,1.));
#2511=DIRECTION('ref_axis',(-1.,0.,0.));
#2512=DIRECTION('center_axis',(0.,0.,-1.));
#2513=DIRECTION('ref_axis',(-1.,0.,0.));
#2514=DIRECTION('center_axis',(0.,0.,-1.));
#2515=DIRECTION('ref_axis',(-1.,0.,0.));
#2516=DIRECTION('',(0.,0.,1.));
#2517=DIRECTION('center_axis',(0.,1.,0.));
#2518=DIRECTION('ref_axis',(-1.,0.,0.));
#2519=DIRECTION('',(-1.,0.,0.));
#2520=DIRECTION('',(-1.,0.,0.));
#2521=DIRECTION('',(0.,0.,1.));
#2522=DIRECTION('center_axis',(0.,0.,1.));
#2523=DIRECTION('ref_axis',(0.,-1.,0.));
#2524=DIRECTION('center_axis',(0.,0.,-1.));
#2525=DIRECTION('ref_axis',(0.,-1.,0.));
#2526=DIRECTION('center_axis',(0.,0.,-1.));
#2527=DIRECTION('ref_axis',(0.,-1.,0.));
#2528=DIRECTION('',(0.,0.,1.));
#2529=DIRECTION('center_axis',(-1.,0.,0.));
#2530=DIRECTION('ref_axis',(0.,-1.,0.));
#2531=DIRECTION('',(0.,-1.,0.));
#2532=DIRECTION('',(0.,-1.,0.));
#2533=DIRECTION('',(0.,0.,1.));
#2534=DIRECTION('center_axis',(0.,0.,1.));
#2535=DIRECTION('ref_axis',(1.,0.,0.));
#2536=DIRECTION('center_axis',(0.,0.,-1.));
#2537=DIRECTION('ref_axis',(1.,0.,0.));
#2538=DIRECTION('center_axis',(0.,0.,-1.));
#2539=DIRECTION('ref_axis',(1.,0.,0.));
#2540=DIRECTION('center_axis',(0.,0.,1.));
#2541=DIRECTION('ref_axis',(1.,0.,0.));
#2542=DIRECTION('center_axis',(0.,0.,1.));
#2543=DIRECTION('ref_axis',(1.,0.,0.));
#2544=DIRECTION('',(0.,0.,1.));
#2545=DIRECTION('',(1.,0.,0.));
#2546=CARTESIAN_POINT('',(0.,0.,0.));
#2547=CARTESIAN_POINT('',(0.,0.,0.));
#2548=CARTESIAN_POINT('',(0.,0.,0.));
#2549=CARTESIAN_POINT('Origin',(151.,-131.,0.));
#2550=CARTESIAN_POINT('',(151.,-131.,0.));
#2551=CARTESIAN_POINT('',(151.,-131.,1.51));
#2552=CARTESIAN_POINT('',(151.,-131.,0.));
#2553=CARTESIAN_POINT('',(130.,-131.,1.51));
#2554=CARTESIAN_POINT('',(151.,-131.,1.51));
#2555=CARTESIAN_POINT('',(130.,-131.,0.));
#2556=CARTESIAN_POINT('',(130.,-131.,0.));
#2557=CARTESIAN_POINT('',(151.,-131.,0.));
#2558=CARTESIAN_POINT('Origin',(151.,-72.,0.));
#2559=CARTESIAN_POINT('',(151.,-72.,0.));
#2560=CARTESIAN_POINT('',(151.,-72.,1.51));
#2561=CARTESIAN_POINT('',(151.,-72.,0.));
#2562=CARTESIAN_POINT('',(151.,-72.,1.51));
#2563=CARTESIAN_POINT('',(151.,-72.,0.));
#2564=CARTESIAN_POINT('Origin',(130.,-131.,0.));
#2565=CARTESIAN_POINT('',(130.,-72.,1.51));
#2566=CARTESIAN_POINT('',(130.,-131.,1.51));
#2567=CARTESIAN_POINT('',(130.,-72.,0.));
#2568=CARTESIAN_POINT('',(130.,-72.,0.));
#2569=CARTESIAN_POINT('',(130.,-131.,0.));
#2570=CARTESIAN_POINT('Origin',(0.,0.,0.));
#2571=CARTESIAN_POINT('',(130.,-72.,0.));
#2572=CARTESIAN_POINT('',(135.48,-119.83,0.));
#2573=CARTESIAN_POINT('Origin',(135.48,-120.68,0.));
#2574=CARTESIAN_POINT('',(136.75,-117.39,0.));
#2575=CARTESIAN_POINT('Origin',(136.75,-118.14,0.));
#2576=CARTESIAN_POINT('',(135.465,-100.785,0.));
#2577=CARTESIAN_POINT('Origin',(135.465,-101.635,0.));
#2578=CARTESIAN_POINT('',(136.735,-98.345,0.));
#2579=CARTESIAN_POINT('Origin',(136.735,-99.095,0.));
#2580=CARTESIAN_POINT('',(140.56,-118.68,0.));
#2581=CARTESIAN_POINT('Origin',(140.56,-120.68,0.));
#2582=CARTESIAN_POINT('',(143.1,-114.85,0.));
#2583=CARTESIAN_POINT('Origin',(143.1,-115.6,0.));
#2584=CARTESIAN_POINT('',(145.64,-119.83,0.));
#2585=CARTESIAN_POINT('Origin',(145.64,-120.68,0.));
#2586=CARTESIAN_POINT('',(140.545,-99.635,0.));
#2587=CARTESIAN_POINT('Origin',(140.545,-101.635,0.));
#2588=CARTESIAN_POINT('',(145.625,-100.785,0.));
#2589=CARTESIAN_POINT('Origin',(145.625,-101.635,0.));
#2590=CARTESIAN_POINT('',(132.5305,-90.332015,0.));
#2591=CARTESIAN_POINT('Origin',(132.5305,-90.832015,0.));
#2592=CARTESIAN_POINT('',(132.5305,-87.792015,0.));
#2593=CARTESIAN_POINT('Origin',(132.5305,-88.292015,0.));
#2594=CARTESIAN_POINT('',(132.5305,-85.252015,0.));
#2595=CARTESIAN_POINT('Origin',(132.5305,-85.752015,0.));
#2596=CARTESIAN_POINT('',(132.5305,-82.712015,0.));
#2597=CARTESIAN_POINT('Origin',(132.5305,-83.212015,0.));
#2598=CARTESIAN_POINT('',(135.465,-81.65,0.));
#2599=CARTESIAN_POINT('Origin',(135.465,-82.5,0.));
#2600=CARTESIAN_POINT('',(132.5305,-80.172015,0.));
#2601=CARTESIAN_POINT('Origin',(132.5305,-80.672015,0.));
#2602=CARTESIAN_POINT('',(132.5305,-77.632015,0.));
#2603=CARTESIAN_POINT('Origin',(132.5305,-78.132015,0.));
#2604=CARTESIAN_POINT('',(132.5305,-75.092015,0.));
#2605=CARTESIAN_POINT('Origin',(132.5305,-75.592015,0.));
#2606=CARTESIAN_POINT('',(136.735,-79.21,0.));
#2607=CARTESIAN_POINT('Origin',(136.735,-79.96,0.));
#2608=CARTESIAN_POINT('',(143.085,-95.805,0.));
#2609=CARTESIAN_POINT('Origin',(143.085,-96.555,0.));
#2610=CARTESIAN_POINT('',(147.7805,-90.332015,0.));
#2611=CARTESIAN_POINT('Origin',(147.7805,-90.832015,0.));
#2612=CARTESIAN_POINT('',(147.7805,-87.792015,0.));
#2613=CARTESIAN_POINT('Origin',(147.7805,-88.292015,0.));
#2614=CARTESIAN_POINT('',(140.545,-80.5,0.));
#2615=CARTESIAN_POINT('Origin',(140.545,-82.5,0.));
#2616=CARTESIAN_POINT('',(143.085,-76.67,0.));
#2617=CARTESIAN_POINT('Origin',(143.085,-77.42,0.));
#2618=CARTESIAN_POINT('',(145.625,-81.65,0.));
#2619=CARTESIAN_POINT('Origin',(145.625,-82.5,0.));
#2620=CARTESIAN_POINT('',(147.7805,-85.252015,0.));
#2621=CARTESIAN_POINT('Origin',(147.7805,-85.752015,0.));
#2622=CARTESIAN_POINT('',(147.7805,-82.712015,0.));
#2623=CARTESIAN_POINT('Origin',(147.7805,-83.212015,0.));
#2624=CARTESIAN_POINT('',(147.7805,-80.172015,0.));
#2625=CARTESIAN_POINT('Origin',(147.7805,-80.672015,0.));
#2626=CARTESIAN_POINT('',(147.7805,-77.632015,0.));
#2627=CARTESIAN_POINT('Origin',(147.7805,-78.132015,0.));
#2628=CARTESIAN_POINT('',(147.7805,-75.092015,0.));
#2629=CARTESIAN_POINT('Origin',(147.7805,-75.592015,0.));
#2630=CARTESIAN_POINT('Origin',(0.,0.,1.51));
#2631=CARTESIAN_POINT('',(130.,-72.,1.51));
#2632=CARTESIAN_POINT('',(135.48,-119.83,1.51));
#2633=CARTESIAN_POINT('Origin',(135.48,-120.68,1.51));
#2634=CARTESIAN_POINT('',(136.75,-117.39,1.51));
#2635=CARTESIAN_POINT('Origin',(136.75,-118.14,1.51));
#2636=CARTESIAN_POINT('',(135.465,-100.785,1.51));
#2637=CARTESIAN_POINT('Origin',(135.465,-101.635,1.51));
#2638=CARTESIAN_POINT('',(136.735,-98.345,1.51));
#2639=CARTESIAN_POINT('Origin',(136.735,-99.095,1.51));
#2640=CARTESIAN_POINT('',(140.56,-118.68,1.51));
#2641=CARTESIAN_POINT('Origin',(140.56,-120.68,1.51));
#2642=CARTESIAN_POINT('',(143.1,-114.85,1.51));
#2643=CARTESIAN_POINT('Origin',(143.1,-115.6,1.51));
#2644=CARTESIAN_POINT('',(145.64,-119.83,1.51));
#2645=CARTESIAN_POINT('Origin',(145.64,-120.68,1.51));
#2646=CARTESIAN_POINT('',(140.545,-99.635,1.51));
#2647=CARTESIAN_POINT('Origin',(140.545,-101.635,1.51));
#2648=CARTESIAN_POINT('',(145.625,-100.785,1.51));
#2649=CARTESIAN_POINT('Origin',(145.625,-101.635,1.51));
#2650=CARTESIAN_POINT('',(132.5305,-90.332015,1.51));
#2651=CARTESIAN_POINT('Origin',(132.5305,-90.832015,1.51));
#2652=CARTESIAN_POINT('',(132.5305,-87.792015,1.51));
#2653=CARTESIAN_POINT('Origin',(132.5305,-88.292015,1.51));
#2654=CARTESIAN_POINT('',(132.5305,-85.252015,1.51));
#2655=CARTESIAN_POINT('Origin',(132.5305,-85.752015,1.51));
#2656=CARTESIAN_POINT('',(132.5305,-82.712015,1.51));
#2657=CARTESIAN_POINT('Origin',(132.5305,-83.212015,1.51));
#2658=CARTESIAN_POINT('',(135.465,-81.65,1.51));
#2659=CARTESIAN_POINT('Origin',(135.465,-82.5,1.51));
#2660=CARTESIAN_POINT('',(132.5305,-80.172015,1.51));
#2661=CARTESIAN_POINT('Origin',(132.5305,-80.672015,1.51));
#2662=CARTESIAN_POINT('',(132.5305,-77.632015,1.51));
#2663=CARTESIAN_POINT('Origin',(132.5305,-78.132015,1.51));
#2664=CARTESIAN_POINT('',(132.5305,-75.092015,1.51));
#2665=CARTESIAN_POINT('Origin',(132.5305,-75.592015,1.51));
#2666=CARTESIAN_POINT('',(136.735,-79.21,1.51));
#2667=CARTESIAN_POINT('Origin',(136.735,-79.96,1.51));
#2668=CARTESIAN_POINT('',(143.085,-95.805,1.51));
#2669=CARTESIAN_POINT('Origin',(143.085,-96.555,1.51));
#2670=CARTESIAN_POINT('',(147.7805,-90.332015,1.51));
#2671=CARTESIAN_POINT('Origin',(147.7805,-90.832015,1.51));
#2672=CARTESIAN_POINT('',(147.7805,-87.792015,1.51));
#2673=CARTESIAN_POINT('Origin',(147.7805,-88.292015,1.51));
#2674=CARTESIAN_POINT('',(140.545,-80.5,1.51));
#2675=CARTESIAN_POINT('Origin',(140.545,-82.5,1.51));
#2676=CARTESIAN_POINT('',(143.085,-76.67,1.51));
#2677=CARTESIAN_POINT('Origin',(143.085,-77.42,1.51));
#2678=CARTESIAN_POINT('',(145.625,-81.65,1.51));
#2679=CARTESIAN_POINT('Origin',(145.625,-82.5,1.51));
#2680=CARTESIAN_POINT('',(147.7805,-85.252015,1.51));
#2681=CARTESIAN_POINT('Origin',(147.7805,-85.752015,1.51));
#2682=CARTESIAN_POINT('',(147.7805,-82.712015,1.51));
#2683=CARTESIAN_POINT('Origin',(147.7805,-83.212015,1.51));
#2684=CARTESIAN_POINT('',(147.7805,-80.172015,1.51));
#2685=CARTESIAN_POINT('Origin',(147.7805,-80.672015,1.51));
#2686=CARTESIAN_POINT('',(147.7805,-77.632015,1.51));
#2687=CARTESIAN_POINT('Origin',(147.7805,-78.132015,1.51));
#2688=CARTESIAN_POINT('',(147.7805,-75.092015,1.51));
#2689=CARTESIAN_POINT('Origin',(147.7805,-75.592015,1.51));
#2690=CARTESIAN_POINT('Origin',(130.,-72.,0.));
#2691=CARTESIAN_POINT('Origin',(135.48,-120.68,-0.046));
#2692=CARTESIAN_POINT('',(135.48,-119.83,-0.046));
#2693=CARTESIAN_POINT('Origin',(136.75,-118.14,-0.046));
#2694=CARTESIAN_POINT('',(136.75,-117.39,-0.046));
#2695=CARTESIAN_POINT('Origin',(135.465,-101.635,-0.046));
#2696=CARTESIAN_POINT('',(135.465,-100.785,-0.046));
#2697=CARTESIAN_POINT('Origin',(136.735,-99.095,-0.046));
#2698=CARTESIAN_POINT('',(136.735,-98.345,-0.046));
#2699=CARTESIAN_POINT('Origin',(140.56,-120.68,-0.046));
#2700=CARTESIAN_POINT('',(140.56,-118.68,-0.046));
#2701=CARTESIAN_POINT('Origin',(143.1,-115.6,-0.046));
#2702=CARTESIAN_POINT('',(143.1,-114.85,-0.046));
#2703=CARTESIAN_POINT('Origin',(145.64,-120.68,-0.046));
#2704=CARTESIAN_POINT('',(145.64,-119.83,-0.046));
#2705=CARTESIAN_POINT('Origin',(140.545,-101.635,-0.046));
#2706=CARTESIAN_POINT('',(140.545,-99.635,-0.046));
#2707=CARTESIAN_POINT('Origin',(145.625,-101.635,-0.046));
#2708=CARTESIAN_POINT('',(145.625,-100.785,-0.046));
#2709=CARTESIAN_POINT('Origin',(132.5305,-90.832015,-0.046));
#2710=CARTESIAN_POINT('',(132.5305,-90.332015,-0.046));
#2711=CARTESIAN_POINT('Origin',(132.5305,-88.292015,-0.046));
#2712=CARTESIAN_POINT('',(132.5305,-87.792015,-0.046));
#2713=CARTESIAN_POINT('Origin',(132.5305,-85.752015,-0.046));
#2714=CARTESIAN_POINT('',(132.5305,-85.252015,-0.046));
#2715=CARTESIAN_POINT('Origin',(132.5305,-83.212015,-0.046));
#2716=CARTESIAN_POINT('',(132.5305,-82.712015,-0.046));
#2717=CARTESIAN_POINT('Origin',(135.465,-82.5,-0.046));
#2718=CARTESIAN_POINT('',(135.465,-81.65,-0.046));
#2719=CARTESIAN_POINT('Origin',(132.5305,-80.672015,-0.046));
#2720=CARTESIAN_POINT('',(132.5305,-80.172015,-0.046));
#2721=CARTESIAN_POINT('Origin',(132.5305,-78.132015,-0.046));
#2722=CARTESIAN_POINT('',(132.5305,-77.632015,-0.046));
#2723=CARTESIAN_POINT('Origin',(132.5305,-75.592015,-0.046));
#2724=CARTESIAN_POINT('',(132.5305,-75.092015,-0.046));
#2725=CARTESIAN_POINT('Origin',(136.735,-79.96,-0.046));
#2726=CARTESIAN_POINT('',(136.735,-79.21,-0.046));
#2727=CARTESIAN_POINT('Origin',(143.085,-96.555,-0.046));
#2728=CARTESIAN_POINT('',(143.085,-95.805,-0.046));
#2729=CARTESIAN_POINT('Origin',(147.7805,-90.832015,-0.046));
#2730=CARTESIAN_POINT('',(147.7805,-90.332015,-0.046));
#2731=CARTESIAN_POINT('Origin',(147.7805,-88.292015,-0.046));
#2732=CARTESIAN_POINT('',(147.7805,-87.792015,-0.046));
#2733=CARTESIAN_POINT('Origin',(140.545,-82.5,-0.046));
#2734=CARTESIAN_POINT('',(140.545,-80.5,-0.046));
#2735=CARTESIAN_POINT('Origin',(143.085,-77.42,-0.046));
#2736=CARTESIAN_POINT('',(143.085,-76.67,-0.046));
#2737=CARTESIAN_POINT('Origin',(145.625,-82.5,-0.046));
#2738=CARTESIAN_POINT('',(145.625,-81.65,-0.046));
#2739=CARTESIAN_POINT('Origin',(147.7805,-85.752015,-0.046));
#2740=CARTESIAN_POINT('',(147.7805,-85.252015,-0.046));
#2741=CARTESIAN_POINT('Origin',(147.7805,-83.212015,-0.046));
#2742=CARTESIAN_POINT('',(147.7805,-82.712015,-0.046));
#2743=CARTESIAN_POINT('Origin',(147.7805,-80.672015,-0.046));
#2744=CARTESIAN_POINT('',(147.7805,-80.172015,-0.046));
#2745=CARTESIAN_POINT('Origin',(147.7805,-78.132015,-0.046));
#2746=CARTESIAN_POINT('',(147.7805,-77.632015,-0.046));
#2747=CARTESIAN_POINT('Origin',(147.7805,-75.592015,-0.046));
#2748=CARTESIAN_POINT('',(147.7805,-75.092015,-0.046));
#2749=CARTESIAN_POINT('',(0.,0.,0.));
#2750=CARTESIAN_POINT('Origin',(-9.99999985098839,39.9,13.0000001937151));
#2751=CARTESIAN_POINT('',(-9.99999985098839,39.9,13.0000001937151));
#2752=CARTESIAN_POINT('',(-9.99999985098839,39.9,5.0000001937151));
#2753=CARTESIAN_POINT('',(-9.99999985098839,39.9,6.50000009685755));
#2754=CARTESIAN_POINT('',(-9.99999985098839,29.9,13.0000001937151));
#2755=CARTESIAN_POINT('',(-9.99999985098839,19.95,13.));
#2756=CARTESIAN_POINT('',(-9.99999985098839,29.9,5.0000001937151));
#2757=CARTESIAN_POINT('',(-9.99999985098839,29.9,6.50000009685755));
#2758=CARTESIAN_POINT('',(-9.99999985098839,39.9,5.0000001937151));
#2759=CARTESIAN_POINT('Origin',(10.0000001490116,39.9,5.0000001937151));
#2760=CARTESIAN_POINT('',(10.0000001490116,39.9,5.0000001937151));
#2761=CARTESIAN_POINT('',(10.0000001490116,39.9,13.0000001937151));
#2762=CARTESIAN_POINT('',(10.0000001490116,39.9,2.50000009685755));
#2763=CARTESIAN_POINT('',(10.0000001490116,29.9,5.0000001937151));
#2764=CARTESIAN_POINT('',(10.0000001490116,39.9,5.0000001937151));
#2765=CARTESIAN_POINT('',(10.0000001490116,29.9,13.0000001937151));
#2766=CARTESIAN_POINT('',(10.0000001490116,29.9,2.50000009685755));
#2767=CARTESIAN_POINT('',(10.0000001490116,19.95,13.));
#2768=CARTESIAN_POINT('Origin',(-9.99999985098839,39.9,5.0000001937151));
#2769=CARTESIAN_POINT('',(5.45000007450581,39.9,5.0000001937151));
#2770=CARTESIAN_POINT('',(-10.4499999254942,29.9,5.0000001937151));
#2771=CARTESIAN_POINT('Origin',(0.,0.,13.));
#2772=CARTESIAN_POINT('',(10.9,29.9,13.));
#2773=CARTESIAN_POINT('',(-10.9,29.9,13.));
#2774=CARTESIAN_POINT('',(10.9,-29.9,13.));
#2775=CARTESIAN_POINT('',(10.9,29.9,13.));
#2776=CARTESIAN_POINT('',(-10.9,-29.9,13.));
#2777=CARTESIAN_POINT('',(10.9,-29.9,13.));
#2778=CARTESIAN_POINT('',(-10.9,29.9,13.));
#2779=CARTESIAN_POINT('',(-10.9,-29.9,13.));
#2780=CARTESIAN_POINT('',(-10.9,29.9,13.));
#2781=CARTESIAN_POINT('',(-20.9,39.9,13.));
#2782=CARTESIAN_POINT('',(-20.9,39.9,13.));
#2783=CARTESIAN_POINT('',(-20.9,-39.9,13.));
#2784=CARTESIAN_POINT('',(-20.9,-39.9,13.));
#2785=CARTESIAN_POINT('',(20.9,-39.9,13.));
#2786=CARTESIAN_POINT('',(20.9,-39.9,13.));
#2787=CARTESIAN_POINT('',(20.9,39.9,13.));
#2788=CARTESIAN_POINT('',(20.9,39.9,13.));
#2789=CARTESIAN_POINT('',(-20.9,39.9,13.));
#2790=CARTESIAN_POINT('',(14.5000002384186,-35.0000005215406,13.));
#2791=CARTESIAN_POINT('Origin',(16.0000002384186,-35.0000005215406,13.));
#2792=CARTESIAN_POINT('',(14.5000002384186,35.0000005215406,13.));
#2793=CARTESIAN_POINT('Origin',(16.0000002384186,35.0000005215406,13.));
#2794=CARTESIAN_POINT('',(-17.5000002384186,35.0000005215406,13.));
#2795=CARTESIAN_POINT('Origin',(-16.0000002384186,35.0000005215406,13.));
#2796=CARTESIAN_POINT('',(-17.5000002384186,-35.0000005215406,13.));
#2797=CARTESIAN_POINT('Origin',(-16.0000002384186,-35.0000005215406,13.));
#2798=CARTESIAN_POINT('Origin',(-10.9,29.9,0.));
#2799=CARTESIAN_POINT('',(-10.9,29.9,3.));
#2800=CARTESIAN_POINT('',(-10.9,29.9,0.));
#2801=CARTESIAN_POINT('',(10.9,29.9,3.));
#2802=CARTESIAN_POINT('',(-5.45,29.9,3.));
#2803=CARTESIAN_POINT('',(10.9,29.9,0.));
#2804=CARTESIAN_POINT('Origin',(10.9,29.9,0.));
#2805=CARTESIAN_POINT('',(10.9,-29.9,3.));
#2806=CARTESIAN_POINT('',(10.9,14.95,3.));
#2807=CARTESIAN_POINT('',(10.9,-29.9,0.));
#2808=CARTESIAN_POINT('Origin',(10.9,-29.9,0.));
#2809=CARTESIAN_POINT('',(-10.9,-29.9,3.));
#2810=CARTESIAN_POINT('',(5.45,-29.9,3.));
#2811=CARTESIAN_POINT('',(-10.9,-29.9,0.));
#2812=CARTESIAN_POINT('Origin',(-10.9,-29.9,0.));
#2813=CARTESIAN_POINT('',(-10.9,-14.95,3.));
#2814=CARTESIAN_POINT('Origin',(16.0000002384186,35.0000005215406,0.));
#2815=CARTESIAN_POINT('',(14.5000002384186,35.0000005215406,0.));
#2816=CARTESIAN_POINT('',(14.5000002384186,35.0000005215406,0.));
#2817=CARTESIAN_POINT('Origin',(16.0000002384186,35.0000005215406,0.));
#2818=CARTESIAN_POINT('Origin',(-16.0000002384186,-35.0000005215406,0.));
#2819=CARTESIAN_POINT('',(-17.5000002384186,-35.0000005215406,0.));
#2820=CARTESIAN_POINT('',(-17.5000002384186,-35.0000005215406,0.));
#2821=CARTESIAN_POINT('Origin',(-16.0000002384186,-35.0000005215406,0.));
#2822=CARTESIAN_POINT('Origin',(16.0000002384186,-35.0000005215406,0.));
#2823=CARTESIAN_POINT('',(14.5000002384186,-35.0000005215406,0.));
#2824=CARTESIAN_POINT('',(14.5000002384186,-35.0000005215406,0.));
#2825=CARTESIAN_POINT('Origin',(16.0000002384186,-35.0000005215406,0.));
#2826=CARTESIAN_POINT('Origin',(-16.0000002384186,35.0000005215406,0.));
#2827=CARTESIAN_POINT('',(-17.5000002384186,35.0000005215406,0.));
#2828=CARTESIAN_POINT('',(-17.5000002384186,35.0000005215406,0.));
#2829=CARTESIAN_POINT('Origin',(-16.0000002384186,35.0000005215406,0.));
#2830=CARTESIAN_POINT('Origin',(20.9,-39.9,0.));
#2831=CARTESIAN_POINT('',(20.9,39.9,0.));
#2832=CARTESIAN_POINT('',(20.9,-39.9,0.));
#2833=CARTESIAN_POINT('',(20.9,39.9,0.));
#2834=CARTESIAN_POINT('',(20.9,39.9,0.));
#2835=CARTESIAN_POINT('',(20.9,-39.9,0.));
#2836=CARTESIAN_POINT('Origin',(-20.9,-39.9,0.));
#2837=CARTESIAN_POINT('',(-20.9,-39.9,0.));
#2838=CARTESIAN_POINT('',(20.9,-39.9,0.));
#2839=CARTESIAN_POINT('',(-20.9,-39.9,0.));
#2840=CARTESIAN_POINT('Origin',(-20.9,39.9,0.));
#2841=CARTESIAN_POINT('',(-20.9,39.9,0.));
#2842=CARTESIAN_POINT('',(-20.9,-39.9,0.));
#2843=CARTESIAN_POINT('',(-20.9,39.9,0.));
#2844=CARTESIAN_POINT('Origin',(20.9,39.9,0.));
#2845=CARTESIAN_POINT('',(-20.9,39.9,0.));
#2846=CARTESIAN_POINT('Origin',(0.,0.,3.));
#2847=CARTESIAN_POINT('Origin',(0.,0.,0.));
#2848=CARTESIAN_POINT('Origin',(16.0000002384186,-35.0000005215406,13.));
#2849=CARTESIAN_POINT('',(14.5000002384186,-35.0000005215406,16.));
#2850=CARTESIAN_POINT('Origin',(16.0000002384186,-35.0000005215406,16.));
#2851=CARTESIAN_POINT('',(14.5000002384186,-35.0000005215406,13.));
#2852=CARTESIAN_POINT('',(14.5000002384186,-35.0000005215406,13.));
#2853=CARTESIAN_POINT('Origin',(16.0000002384186,-35.0000005215406,13.));
#2854=CARTESIAN_POINT('Origin',(16.0000002384186,35.0000005215406,13.));
#2855=CARTESIAN_POINT('',(14.5000002384186,35.0000005215406,16.));
#2856=CARTESIAN_POINT('Origin',(16.0000002384186,35.0000005215406,16.));
#2857=CARTESIAN_POINT('',(14.5000002384186,35.0000005215406,13.));
#2858=CARTESIAN_POINT('',(14.5000002384186,35.0000005215406,13.));
#2859=CARTESIAN_POINT('Origin',(16.0000002384186,35.0000005215406,13.));
#2860=CARTESIAN_POINT('Origin',(-16.0000002384186,35.0000005215406,13.));
#2861=CARTESIAN_POINT('',(-17.5000002384186,35.0000005215406,16.));
#2862=CARTESIAN_POINT('Origin',(-16.0000002384186,35.0000005215406,16.));
#2863=CARTESIAN_POINT('',(-17.5000002384186,35.0000005215406,13.));
#2864=CARTESIAN_POINT('',(-17.5000002384186,35.0000005215406,13.));
#2865=CARTESIAN_POINT('Origin',(-16.0000002384186,35.0000005215406,13.));
#2866=CARTESIAN_POINT('Origin',(-16.0000002384186,-35.0000005215406,13.));
#2867=CARTESIAN_POINT('',(-17.5000002384186,-35.0000005215406,16.));
#2868=CARTESIAN_POINT('Origin',(-16.0000002384186,-35.0000005215406,16.));
#2869=CARTESIAN_POINT('',(-17.5000002384186,-35.0000005215406,13.));
#2870=CARTESIAN_POINT('',(-17.5000002384186,-35.0000005215406,13.));
#2871=CARTESIAN_POINT('Origin',(-16.0000002384186,-35.0000005215406,13.));
#2872=CARTESIAN_POINT('Origin',(20.9,-39.9,13.));
#2873=CARTESIAN_POINT('',(20.9,-39.9,13.));
#2874=CARTESIAN_POINT('',(20.9,39.9,13.));
#2875=CARTESIAN_POINT('',(20.9,39.9,13.));
#2876=CARTESIAN_POINT('',(20.9,39.9,16.));
#2877=CARTESIAN_POINT('',(20.9,39.9,13.));
#2878=CARTESIAN_POINT('',(20.9,-39.9,16.));
#2879=CARTESIAN_POINT('',(20.9,39.9,16.));
#2880=CARTESIAN_POINT('',(20.9,-39.9,13.));
#2881=CARTESIAN_POINT('Origin',(-20.9,-39.9,13.));
#2882=CARTESIAN_POINT('',(-20.9,-39.9,13.));
#2883=CARTESIAN_POINT('',(20.9,-39.9,13.));
#2884=CARTESIAN_POINT('',(-20.9,-39.9,16.));
#2885=CARTESIAN_POINT('',(20.9,-39.9,16.));
#2886=CARTESIAN_POINT('',(-20.9,-39.9,13.));
#2887=CARTESIAN_POINT('Origin',(-20.9,39.9,13.));
#2888=CARTESIAN_POINT('',(-20.9,39.9,13.));
#2889=CARTESIAN_POINT('',(-20.9,-39.9,13.));
#2890=CARTESIAN_POINT('',(-20.9,39.9,16.));
#2891=CARTESIAN_POINT('',(-20.9,-39.9,16.));
#2892=CARTESIAN_POINT('',(-20.9,39.9,13.));
#2893=CARTESIAN_POINT('Origin',(20.9,39.9,13.));
#2894=CARTESIAN_POINT('',(-20.9,39.9,13.));
#2895=CARTESIAN_POINT('',(-20.9,39.9,16.));
#2896=CARTESIAN_POINT('Origin',(-6.49999999999996,-12.0499999999999,13.));
#2897=CARTESIAN_POINT('',(-6.49999999999996,-12.0499999999999,13.));
#2898=CARTESIAN_POINT('',(6.49999999999995,-12.0499999999999,13.));
#2899=CARTESIAN_POINT('',(6.49999999999995,-12.0499999999999,13.));
#2900=CARTESIAN_POINT('',(6.49999999999995,-12.0499999999999,16.));
#2901=CARTESIAN_POINT('',(6.49999999999995,-12.0499999999999,13.));
#2902=CARTESIAN_POINT('',(-6.49999999999996,-12.0499999999999,16.));
#2903=CARTESIAN_POINT('',(6.49999999999995,-12.0499999999999,16.));
#2904=CARTESIAN_POINT('',(-6.49999999999996,-12.0499999999999,13.));
#2905=CARTESIAN_POINT('Origin',(-6.49999999999996,-12.5499999999999,13.));
#2906=CARTESIAN_POINT('',(-6.99999999999997,-12.5499999999999,13.));
#2907=CARTESIAN_POINT('Origin',(-6.49999999999996,-12.5499999999999,13.));
#2908=CARTESIAN_POINT('',(-6.99999999999997,-12.5499999999999,16.));
#2909=CARTESIAN_POINT('Origin',(-6.49999999999996,-12.5499999999999,16.));
#2910=CARTESIAN_POINT('',(-6.99999999999997,-12.5499999999999,13.));
#2911=CARTESIAN_POINT('Origin',(-6.99999999999996,-25.5499999999998,13.));
#2912=CARTESIAN_POINT('',(-6.99999999999996,-25.5499999999998,13.));
#2913=CARTESIAN_POINT('',(-6.99999999999995,-12.5499999999999,13.));
#2914=CARTESIAN_POINT('',(-6.99999999999996,-25.5499999999998,16.));
#2915=CARTESIAN_POINT('',(-6.99999999999995,-12.5499999999999,16.));
#2916=CARTESIAN_POINT('',(-6.99999999999996,-25.5499999999998,13.));
#2917=CARTESIAN_POINT('Origin',(-6.49999999999996,-25.5499999999998,13.));
#2918=CARTESIAN_POINT('',(-6.49999999999996,-26.0499999999998,13.));
#2919=CARTESIAN_POINT('Origin',(-6.49999999999996,-25.5499999999998,13.));
#2920=CARTESIAN_POINT('',(-6.49999999999996,-26.0499999999998,16.));
#2921=CARTESIAN_POINT('Origin',(-6.49999999999996,-25.5499999999998,16.));
#2922=CARTESIAN_POINT('',(-6.49999999999996,-26.0499999999998,13.));
#2923=CARTESIAN_POINT('Origin',(6.49999999999995,-26.0499999999998,13.));
#2924=CARTESIAN_POINT('',(6.49999999999995,-26.0499999999998,13.));
#2925=CARTESIAN_POINT('',(6.49999999999995,-26.0499999999998,13.));
#2926=CARTESIAN_POINT('',(6.49999999999995,-26.0499999999998,16.));
#2927=CARTESIAN_POINT('',(6.49999999999995,-26.0499999999998,16.));
#2928=CARTESIAN_POINT('',(6.49999999999995,-26.0499999999998,13.));
#2929=CARTESIAN_POINT('Origin',(6.49999999999995,-25.5499999999998,13.));
#2930=CARTESIAN_POINT('',(6.99999999999994,-25.5499999999998,13.));
#2931=CARTESIAN_POINT('Origin',(6.49999999999995,-25.5499999999998,13.));
#2932=CARTESIAN_POINT('',(6.99999999999994,-25.5499999999998,16.));
#2933=CARTESIAN_POINT('Origin',(6.49999999999995,-25.5499999999998,16.));
#2934=CARTESIAN_POINT('',(6.99999999999994,-25.5499999999998,13.));
#2935=CARTESIAN_POINT('Origin',(6.99999999999995,-12.5499999999999,13.));
#2936=CARTESIAN_POINT('',(6.99999999999995,-12.5499999999999,13.));
#2937=CARTESIAN_POINT('',(6.99999999999995,-12.5499999999999,13.));
#2938=CARTESIAN_POINT('',(6.99999999999995,-12.5499999999999,16.));
#2939=CARTESIAN_POINT('',(6.99999999999995,-12.5499999999999,16.));
#2940=CARTESIAN_POINT('',(6.99999999999995,-12.5499999999999,13.));
#2941=CARTESIAN_POINT('Origin',(6.49999999999995,-12.5499999999999,13.));
#2942=CARTESIAN_POINT('Origin',(6.49999999999995,-12.5499999999999,13.));
#2943=CARTESIAN_POINT('Origin',(6.49999999999995,-12.5499999999999,16.));
#2944=CARTESIAN_POINT('Origin',(-6.49999999999996,6.99999999999995,13.));
#2945=CARTESIAN_POINT('',(-6.49999999999996,6.99999999999995,13.));
#2946=CARTESIAN_POINT('',(6.49999999999995,6.99999999999995,13.));
#2947=CARTESIAN_POINT('',(6.49999999999995,6.99999999999995,13.));
#2948=CARTESIAN_POINT('',(6.49999999999995,6.99999999999995,16.));
#2949=CARTESIAN_POINT('',(6.49999999999995,6.99999999999995,13.));
#2950=CARTESIAN_POINT('',(-6.49999999999996,6.99999999999995,16.));
#2951=CARTESIAN_POINT('',(6.49999999999995,6.99999999999995,16.));
#2952=CARTESIAN_POINT('',(-6.49999999999996,6.99999999999995,13.));
#2953=CARTESIAN_POINT('Origin',(-6.49999999999996,6.49999999999996,13.));
#2954=CARTESIAN_POINT('',(-6.99999999999996,6.49999999999996,13.));
#2955=CARTESIAN_POINT('Origin',(-6.49999999999996,6.49999999999996,13.));
#2956=CARTESIAN_POINT('',(-6.99999999999996,6.49999999999996,16.));
#2957=CARTESIAN_POINT('Origin',(-6.49999999999996,6.49999999999996,16.));
#2958=CARTESIAN_POINT('',(-6.99999999999996,6.49999999999996,13.));
#2959=CARTESIAN_POINT('Origin',(-6.99999999999996,-6.49999999999995,13.));
#2960=CARTESIAN_POINT('',(-6.99999999999996,-6.49999999999995,13.));
#2961=CARTESIAN_POINT('',(-6.99999999999995,6.49999999999996,13.));
#2962=CARTESIAN_POINT('',(-6.99999999999996,-6.49999999999995,16.));
#2963=CARTESIAN_POINT('',(-6.99999999999995,6.49999999999996,16.));
#2964=CARTESIAN_POINT('',(-6.99999999999996,-6.49999999999995,13.));
#2965=CARTESIAN_POINT('Origin',(-6.49999999999996,-6.49999999999995,13.));
#2966=CARTESIAN_POINT('',(-6.49999999999996,-6.99999999999995,13.));
#2967=CARTESIAN_POINT('Origin',(-6.49999999999996,-6.49999999999995,13.));
#2968=CARTESIAN_POINT('',(-6.49999999999996,-6.99999999999995,16.));
#2969=CARTESIAN_POINT('Origin',(-6.49999999999996,-6.49999999999995,16.));
#2970=CARTESIAN_POINT('',(-6.49999999999996,-6.99999999999995,13.));
#2971=CARTESIAN_POINT('Origin',(6.49999999999995,-6.99999999999995,13.));
#2972=CARTESIAN_POINT('',(6.49999999999995,-6.99999999999995,13.));
#2973=CARTESIAN_POINT('',(6.49999999999995,-6.99999999999995,13.));
#2974=CARTESIAN_POINT('',(6.49999999999995,-6.99999999999995,16.));
#2975=CARTESIAN_POINT('',(6.49999999999995,-6.99999999999995,16.));
#2976=CARTESIAN_POINT('',(6.49999999999995,-6.99999999999995,13.));
#2977=CARTESIAN_POINT('Origin',(6.49999999999995,-6.49999999999996,13.));
#2978=CARTESIAN_POINT('',(6.99999999999995,-6.49999999999996,13.));
#2979=CARTESIAN_POINT('Origin',(6.49999999999995,-6.49999999999996,13.));
#2980=CARTESIAN_POINT('',(6.99999999999995,-6.49999999999996,16.));
#2981=CARTESIAN_POINT('Origin',(6.49999999999995,-6.49999999999996,16.));
#2982=CARTESIAN_POINT('',(6.99999999999995,-6.49999999999996,13.));
#2983=CARTESIAN_POINT('Origin',(6.99999999999995,6.49999999999995,13.));
#2984=CARTESIAN_POINT('',(6.99999999999995,6.49999999999995,13.));
#2985=CARTESIAN_POINT('',(6.99999999999995,6.49999999999995,13.));
#2986=CARTESIAN_POINT('',(6.99999999999995,6.49999999999995,16.));
#2987=CARTESIAN_POINT('',(6.99999999999995,6.49999999999995,16.));
#2988=CARTESIAN_POINT('',(6.99999999999995,6.49999999999995,13.));
#2989=CARTESIAN_POINT('Origin',(6.49999999999995,6.49999999999995,13.));
#2990=CARTESIAN_POINT('Origin',(6.49999999999995,6.49999999999995,13.));
#2991=CARTESIAN_POINT('Origin',(6.49999999999995,6.49999999999995,16.));
#2992=CARTESIAN_POINT('Origin',(-6.49999999999995,26.0499999999998,13.));
#2993=CARTESIAN_POINT('',(-6.49999999999995,26.0499999999998,13.));
#2994=CARTESIAN_POINT('',(6.49999999999995,26.0499999999998,13.));
#2995=CARTESIAN_POINT('',(6.49999999999995,26.0499999999998,13.));
#2996=CARTESIAN_POINT('',(6.49999999999995,26.0499999999998,16.));
#2997=CARTESIAN_POINT('',(6.49999999999995,26.0499999999998,13.));
#2998=CARTESIAN_POINT('',(-6.49999999999995,26.0499999999998,16.));
#2999=CARTESIAN_POINT('',(6.49999999999995,26.0499999999998,16.));
#3000=CARTESIAN_POINT('',(-6.49999999999995,26.0499999999998,13.));
#3001=CARTESIAN_POINT('Origin',(-6.49999999999995,25.5499999999998,13.));
#3002=CARTESIAN_POINT('',(-6.99999999999994,25.5499999999998,13.));
#3003=CARTESIAN_POINT('Origin',(-6.49999999999995,25.5499999999998,13.));
#3004=CARTESIAN_POINT('',(-6.99999999999994,25.5499999999998,16.));
#3005=CARTESIAN_POINT('Origin',(-6.49999999999995,25.5499999999998,16.));
#3006=CARTESIAN_POINT('',(-6.99999999999994,25.5499999999998,13.));
#3007=CARTESIAN_POINT('Origin',(-6.99999999999995,12.5499999999999,13.));
#3008=CARTESIAN_POINT('',(-6.99999999999995,12.5499999999999,13.));
#3009=CARTESIAN_POINT('',(-6.99999999999995,25.5499999999998,13.));
#3010=CARTESIAN_POINT('',(-6.99999999999995,12.5499999999999,16.));
#3011=CARTESIAN_POINT('',(-6.99999999999995,25.5499999999998,16.));
#3012=CARTESIAN_POINT('',(-6.99999999999995,12.5499999999999,13.));
#3013=CARTESIAN_POINT('Origin',(-6.49999999999995,12.5499999999999,13.));
#3014=CARTESIAN_POINT('',(-6.49999999999995,12.0499999999999,13.));
#3015=CARTESIAN_POINT('Origin',(-6.49999999999995,12.5499999999999,13.));
#3016=CARTESIAN_POINT('',(-6.49999999999995,12.0499999999999,16.));
#3017=CARTESIAN_POINT('Origin',(-6.49999999999995,12.5499999999999,16.));
#3018=CARTESIAN_POINT('',(-6.49999999999995,12.0499999999999,13.));
#3019=CARTESIAN_POINT('Origin',(6.49999999999995,12.0499999999999,13.));
#3020=CARTESIAN_POINT('',(6.49999999999995,12.0499999999999,13.));
#3021=CARTESIAN_POINT('',(6.49999999999995,12.0499999999999,13.));
#3022=CARTESIAN_POINT('',(6.49999999999995,12.0499999999999,16.));
#3023=CARTESIAN_POINT('',(6.49999999999995,12.0499999999999,16.));
#3024=CARTESIAN_POINT('',(6.49999999999995,12.0499999999999,13.));
#3025=CARTESIAN_POINT('Origin',(6.49999999999995,12.5499999999999,13.));
#3026=CARTESIAN_POINT('',(6.99999999999994,12.5499999999999,13.));
#3027=CARTESIAN_POINT('Origin',(6.49999999999995,12.5499999999999,13.));
#3028=CARTESIAN_POINT('',(6.99999999999994,12.5499999999999,16.));
#3029=CARTESIAN_POINT('Origin',(6.49999999999995,12.5499999999999,16.));
#3030=CARTESIAN_POINT('',(6.99999999999994,12.5499999999999,13.));
#3031=CARTESIAN_POINT('Origin',(6.99999999999995,25.5499999999998,13.));
#3032=CARTESIAN_POINT('',(6.99999999999995,25.5499999999998,13.));
#3033=CARTESIAN_POINT('',(6.99999999999995,25.5499999999998,13.));
#3034=CARTESIAN_POINT('',(6.99999999999995,25.5499999999998,16.));
#3035=CARTESIAN_POINT('',(6.99999999999995,25.5499999999998,16.));
#3036=CARTESIAN_POINT('',(6.99999999999995,25.5499999999998,13.));
#3037=CARTESIAN_POINT('Origin',(6.49999999999995,25.5499999999998,13.));
#3038=CARTESIAN_POINT('Origin',(6.49999999999995,25.5499999999998,13.));
#3039=CARTESIAN_POINT('Origin',(6.49999999999995,25.5499999999998,16.));
#3040=CARTESIAN_POINT('Origin',(-4.44089209850063E-15,-4.44089209850063E-15,
16.));
#3041=CARTESIAN_POINT('Origin',(-4.44089209850063E-15,-4.44089209850063E-15,
13.));
#3042=CARTESIAN_POINT('',(-140.472136567573,101.384487986106,10.));
#3043=UNCERTAINTY_MEASURE_WITH_UNIT(LENGTH_MEASURE(0.01),#3051,
'DISTANCE_ACCURACY_VALUE',
'Maximum model space distance between geometric entities at asserted c
onnectivities');
#3044=UNCERTAINTY_MEASURE_WITH_UNIT(LENGTH_MEASURE(0.01),#3051,
'DISTANCE_ACCURACY_VALUE',
'Maximum model space distance between geometric entities at asserted c
onnectivities');
#3045=UNCERTAINTY_MEASURE_WITH_UNIT(LENGTH_MEASURE(0.01),#3051,
'DISTANCE_ACCURACY_VALUE',
'Maximum model space distance between geometric entities at asserted c
onnectivities');
#3046=UNCERTAINTY_MEASURE_WITH_UNIT(LENGTH_MEASURE(0.01),#3051,
'DISTANCE_ACCURACY_VALUE',
'Maximum model space distance between geometric entities at asserted c
onnectivities');
#3047=(
GEOMETRIC_REPRESENTATION_CONTEXT(3)
GLOBAL_UNCERTAINTY_ASSIGNED_CONTEXT((#3043))
GLOBAL_UNIT_ASSIGNED_CONTEXT((#3051,#3053,#3054))
REPRESENTATION_CONTEXT('','3D')
);
#3048=(
GEOMETRIC_REPRESENTATION_CONTEXT(3)
GLOBAL_UNCERTAINTY_ASSIGNED_CONTEXT((#3044))
GLOBAL_UNIT_ASSIGNED_CONTEXT((#3051,#3053,#3054))
REPRESENTATION_CONTEXT('','3D')
);
#3049=(
GEOMETRIC_REPRESENTATION_CONTEXT(3)
GLOBAL_UNCERTAINTY_ASSIGNED_CONTEXT((#3045))
GLOBAL_UNIT_ASSIGNED_CONTEXT((#3051,#3053,#3054))
REPRESENTATION_CONTEXT('','3D')
);
#3050=(
GEOMETRIC_REPRESENTATION_CONTEXT(3)
GLOBAL_UNCERTAINTY_ASSIGNED_CONTEXT((#3046))
GLOBAL_UNIT_ASSIGNED_CONTEXT((#3051,#3053,#3054))
REPRESENTATION_CONTEXT('','3D')
);
#3051=(
LENGTH_UNIT()
NAMED_UNIT(*)
SI_UNIT(.MILLI.,.METRE.)
);
#3052=(
LENGTH_UNIT()
NAMED_UNIT(*)
SI_UNIT($,.METRE.)
);
#3053=(
NAMED_UNIT(*)
PLANE_ANGLE_UNIT()
SI_UNIT($,.RADIAN.)
);
#3054=(
NAMED_UNIT(*)
SI_UNIT($,.STERADIAN.)
SOLID_ANGLE_UNIT()
);
#3055=SHAPE_DEFINITION_REPRESENTATION(#3058,#3063);
#3056=SHAPE_DEFINITION_REPRESENTATION(#3059,#3064);
#3057=SHAPE_DEFINITION_REPRESENTATION(#3060,#3065);
#3058=PRODUCT_DEFINITION_SHAPE('',$,#3067);
#3059=PRODUCT_DEFINITION_SHAPE('',$,#3068);
#3060=PRODUCT_DEFINITION_SHAPE('',$,#3069);
#3061=PRODUCT_DEFINITION_SHAPE($,$,#17);
#3062=PRODUCT_DEFINITION_SHAPE($,$,#18);
#3063=SHAPE_REPRESENTATION('',(#1831,#2020),#3047);
#3064=SHAPE_REPRESENTATION('',(#1832,#1927),#3048);
#3065=SHAPE_REPRESENTATION('',(#1833),#3049);
#3066=PRODUCT_DEFINITION_CONTEXT('part definition',#3077,'design');
#3067=PRODUCT_DEFINITION('Macropadfinaltry2 1','Macropadfinaltry2',#3070,
#3066);
#3068=PRODUCT_DEFINITION('2026-07-23-00-09-21-080','Macropadfinalfr',#3071,
#3066);
#3069=PRODUCT_DEFINITION('2026-07-23-00-09-21-081','Hackpad_PCB',#3072,
#3066);
#3070=PRODUCT_DEFINITION_FORMATION('',$,#3079);
#3071=PRODUCT_DEFINITION_FORMATION('',$,#3080);
#3072=PRODUCT_DEFINITION_FORMATION('',$,#3081);
#3073=PRODUCT_RELATED_PRODUCT_CATEGORY('Macropadfinaltry2',
'Macropadfinaltry2',(#3079));
#3074=PRODUCT_RELATED_PRODUCT_CATEGORY('Macropadfinalfr',
'Macropadfinalfr',(#3080));
#3075=PRODUCT_RELATED_PRODUCT_CATEGORY('Hackpad_PCB','Hackpad_PCB',(#3081));
#3076=APPLICATION_PROTOCOL_DEFINITION('international standard',
'automotive_design',2009,#3077);
#3077=APPLICATION_CONTEXT(
'Core Data for Automotive Mechanical Design Process');
#3078=PRODUCT_CONTEXT('part definition',#3077,'mechanical');
#3079=PRODUCT('Macropadfinaltry2 1','Macropadfinaltry2',
'KiCad electronic assembly',(#3078));
#3080=PRODUCT('2026-07-23-00-09-21-080','Macropadfinalfr',
'KiCad electronic assembly',(#3078));
#3081=PRODUCT('2026-07-23-00-09-21-081','Hackpad_PCB',$,(#3078));
#3082=PRESENTATION_STYLE_ASSIGNMENT((#3086));
#3083=PRESENTATION_STYLE_ASSIGNMENT((#3087));
#3084=PRESENTATION_STYLE_ASSIGNMENT((#3088));
#3085=PRESENTATION_STYLE_ASSIGNMENT((#3089));
#3086=SURFACE_STYLE_USAGE(.BOTH.,#3090);
#3087=SURFACE_STYLE_USAGE(.BOTH.,#3091);
#3088=SURFACE_STYLE_USAGE(.BOTH.,#3092);
#3089=SURFACE_STYLE_USAGE(.BOTH.,#3093);
#3090=SURFACE_SIDE_STYLE('',(#3094));
#3091=SURFACE_SIDE_STYLE('',(#3095));
#3092=SURFACE_SIDE_STYLE('',(#3096));
#3093=SURFACE_SIDE_STYLE('',(#3097));
#3094=SURFACE_STYLE_FILL_AREA(#3098);
#3095=SURFACE_STYLE_FILL_AREA(#3099);
#3096=SURFACE_STYLE_FILL_AREA(#3100);
#3097=SURFACE_STYLE_FILL_AREA(#3101);
#3098=FILL_AREA_STYLE('Steel - Satin',(#3102));
#3099=FILL_AREA_STYLE('PEEK',(#3103));
#3100=FILL_AREA_STYLE('Plastic - Translucent Glossy (Green)',(#3104));
#3101=FILL_AREA_STYLE('Opaque(80,124,105)',(#3105));
#3102=FILL_AREA_STYLE_COLOUR('Steel - Satin',#3106);
#3103=FILL_AREA_STYLE_COLOUR('PEEK',#3107);
#3104=FILL_AREA_STYLE_COLOUR('Plastic - Translucent Glossy (Green)',#3108);
#3105=FILL_AREA_STYLE_COLOUR('Opaque(80,124,105)',#3109);
#3106=COLOUR_RGB('Steel - Satin',0.627450980392157,0.627450980392157,0.627450980392157);
#3107=COLOUR_RGB('PEEK',0.6,0.509803921568627,0.368627450980392);
#3108=COLOUR_RGB('Plastic - Translucent Glossy (Green)',0.266666666666667,
0.588235294117647,0.282352941176471);
#3109=COLOUR_RGB('Opaque(80,124,105)',0.313725490196078,0.486274509803922,
0.411764705882353);
ENDSEC;
END-ISO-10303-21;
